CustomerID,lifetime_value
17420,265
16861,133
16503,567
15727,3065
17389,7430
15447,85
14450,241
13623,286
13285,2051
16339,23
14570,95
16386,224
15100,58
12471,7965
16916,440
14514,589
16500,123
12626,3350
18161,810
15967,211
14465,405
13261,210
18218,546
14075,754
14536,40
17809,2015
15738,2967
17044,487
12393,816
16791,759
15296,1757
17708,91
13875,1316
14289,292
14377,219
17754,1820
17775,72
13060,123
17783,354
17223,112
18043,282
13898,133
15382,4003
14315,1010
16224,1116
13329,427
17950,342
15535,129
14713,1613
16565,46
13225,3352
14944,2801
16094,633
14779,84
14770,490
17346,1639
13468,2581
15070,36
16510,92
15221,25
16985,1830
16549,2365
16027,1146
15146,1459
15026,285
17438,100
15983,892
15827,842
17677,9725
17213,1167
14030,1479
16255,1760
13313,851
12530,900
15781,178
17613,2470
14477,719
14245,971
17924,1141
16835,61
17396,2005
16954,1054
15157,2242
17392,320
14532,284
12727,2085
12559,281
14760,28
17462,224
16766,536
15973,87
14437,59
17969,152
17525,82
15164,360
12523,861
15270,1459
17774,511
12401,11
16317,890
15658,232
14085,3183
17430,190
13494,162
17639,49
13046,264
15093,3733
14589,5
15497,622
12943,-1
16738,3
16913,82
13751,152
17388,1068
14064,1350
16801,313
13720,501
18085,265
16274,155
15716,744
16125,124
18193,120
12755,866
12494,690
12782,1070
13368,327
14715,521
12854,622
14935,935
17508,289
14336,1759
16721,172
17001,2164
16532,2016
13782,371
14101,6942
14501,119
14044,308
14410,293
12362,2212
16244,855
14180,710
17059,1855
18071,260
14525,2662
13027,17280
14555,130
13904,332
17678,207
16455,988
16839,8470
14733,3725
16265,2627
15503,74
17890,416
14776,2688
17147,878
14056,4232
15234,196
14367,4410
15923,122
12913,1419
13104,504
16043,503
12373,197
13873,138
13166,214
15733,62
17542,134
12948,1077
14496,159
15260,861
12725,164
15332,652
18113,72
15024,920
14419,487
15062,763
16684,49390
15262,73
17463,1090
15855,470
13139,2418
12868,928
15426,663
16553,4595
13523,1745
14062,5593
12865,877
12705,3973
16885,184
16326,689
15370,828
13301,345
12582,300
15071,269
12597,2187
13946,443
15132,679
13081,19021
15841,926
12601,244
14644,252
16078,16
15906,538
15485,1306
16150,1004
13838,263
13497,159
14961,3692
17496,79
15203,1753
13038,360
16571,1176
15918,153
12662,2040
15363,143
12731,8366
15563,1460
12951,500
17071,1182
16431,453
15083,38
12347,2458
17097,457
15224,150
15454,86
14871,185
17811,4128
16303,2621
14439,526
13477,1018
14813,67
17259,410
16138,-1
12709,3832
14565,1532
13426,2224
16134,357
14292,1643
15938,240
13584,37
12509,55
15636,284
14193,445
16383,475
17603,-31
17966,2571
14128,564
16698,840
16048,143
15111,710
12841,2683
12429,1557
18075,1437
18050,40
14462,932
17504,1456
12873,128
13694,61803
17685,1956
14587,759
12652,502
15696,1022
12935,1852
16515,833
15974,2256
14036,268
16242,1981
12881,21
16253,3137
13117,945
13958,-23
17869,111
17706,3833
16316,1466
17400,1097
14669,775
16401,3858
16948,1614
15228,2252
16693,204
17486,191
12564,133
16769,83
15815,1856
15856,10941
18062,396
12489,105
15940,3
16057,833
16159,236
16475,319
14041,94
13781,30
15922,136
17547,-4
15570,2058
12708,1270
13488,4512
15950,722
17204,589
16148,72
16394,2317
14513,355
15543,86
15053,986
14606,5978
17720,576
14032,2008
14608,437
17692,666
16470,530
12744,5234
16073,37
13344,971
16609,2410
17019,827
16145,3072
17585,1671
16473,195
15835,439
17730,3567
17094,148
13098,15911
13975,1725
14507,588
14422,2906
15452,283
14870,119
18191,140
13988,3025
15364,493
16928,2094
14775,1174
13295,81
17819,1027
12712,1044
15882,266
16775,440
18102,64122
14051,3741
12797,79
14415,2973
12980,864
15532,508
14035,739
14112,1608
13132,20
15689,84
16191,3203
17018,176
15638,-52
17817,67
16917,232
15206,162
14013,462
12937,1007
17946,75
13439,242
12888,68
16657,1229
12921,9454
15061,28590
13983,1170
18259,714
13000,379
15046,3307
17861,1968
15549,688
16168,1888
15894,168
13034,369
13531,174
12666,-56
15719,2724
14828,2172
15518,1262
13993,892
14088,12593
14534,1925
17619,127
16389,1230
14730,1132
18173,1220
15388,88
14538,155
12583,5009
14210,759
17519,1233
12875,2019
15159,11394
17739,856
17033,750
15034,2411
14040,1524
14257,1677
16882,424
18145,2625
16419,435
15199,396
12462,514
12857,343
18084,311
18068,6
14656,120
17886,481
12580,238
17377,2075
18041,3810
12870,-2
15347,130
13829,-12
17771,287
14407,1412
17049,2669
14291,2748
14077,268
13357,322
13015,1617
13267,1939
16558,5346
17702,1320
15806,602
12431,2868
16754,4280
13552,1386
17859,127
13489,560
17325,60
14214,748
14297,861
15223,98
17135,1224
14404,831
15984,1833
14618,261
15811,1061
17618,331
14113,635
13859,129
12421,483
15339,414
15365,758
16573,354
17171,185
15393,150
15245,1784
17398,310
14852,1747
13093,3943
17967,80
16411,132
15987,1556
16949,790
14540,421
13717,1958
13085,108
13951,459
17551,150
14978,525
14676,2498
14903,1491
16871,1250
12791,97
12474,4764
15602,1001
15002,862
15628,1882
17744,3376
15208,314
13397,429
13168,680
12834,110
12994,440
15648,213
13249,546
16960,304
15465,1217
15304,100
17179,290
14841,1778
17457,826
15059,602
12414,300
14600,125
15764,2036
12408,1399
,269562
15544,3105
17238,1822
14205,99
17790,836
16458,2154
15587,312
18171,477
12565,75
14470,193
16668,318
14350,166
13743,1775
17874,209
13316,6947
14195,702
18118,2877
17596,4400
17682,1365
12853,782
15724,72
13226,80
13571,1759
18168,585
16393,1529
17675,8278
14355,92
17307,-144
12867,4274
15562,39
12574,61
17025,235
17894,405
15996,382
16907,298
12346,0
17889,79
16214,420
13533,204
14213,-244
17091,1743
17937,1754
18037,20
14290,913
15482,2998
12500,2671
17517,102
12993,240
16061,-1
14031,5370
17198,357
15044,2786
12576,964
14603,400
16780,271
17976,106
13880,1842
17419,1872
15547,4032
18044,1032
14150,496
14643,755
15171,190
13659,879
14389,702
15812,922
17830,92
15145,756
18074,190
17732,93
14396,225
16327,2571
13784,2493
17609,721
16745,6727
17560,651
15753,144
17789,74
17652,2479
14408,1616
17698,93
16353,2006
16863,392
16081,1477
14735,2160
15939,4725
14248,102
13630,1377
13675,330
12472,4020
15646,388
17757,3316
17949,27571
14282,2668
12481,3290
13959,357
16805,539
17980,682
14472,1160
15607,202
13634,704
12356,1591
13581,30
12435,2055
12955,3642
14156,57025
17655,956
17629,1621
12578,1171
13049,268
16767,4435
15114,3096
15133,680
16979,860
15241,1815
15367,1055
16098,613
14896,279
15626,766
16716,44
14475,428
17843,113
12654,264
15695,212
13239,363
14890,51
13892,983
13047,1355
15311,37720
16122,1128
13802,2281
17634,840
16655,2367
16315,75
15057,668
17705,957
15785,1594
12365,173
15590,-1
13509,1106
14483,95
13654,2182
16552,219
17572,95
16926,35
13652,578
12877,1178
13029,134
12651,78
14657,465
17571,905
17864,810
16719,1202
17722,1572
13982,1132
17230,1553
15797,873
17515,243
14006,641
17362,191
16842,692
13044,429
16014,261
14004,2668
17080,164
13650,918
15408,106
14403,513
16905,1407
12567,4089
13094,1542
15039,9191
13786,136
17324,844
14524,676
16746,4662
14533,2777
15189,6035
17373,408
13908,1470
13803,121
17594,550
12691,394
12849,623
13408,16119
17760,239
12605,-4
18008,1581
14548,256
16612,506
14276,723
13345,139
13722,1400
15752,1973
15916,752
15379,2293
14662,602
12929,36
12956,34
13955,154
12909,1270
16142,422
14527,2049
14001,959
17964,301
15823,-283
17026,97
13579,176
16235,328
14541,647
16133,8738
12350,197
18087,3571
15755,1397
12520,1430
13216,297
14476,132
18177,705
17968,160
13065,74
17062,428
15889,215
18219,883
14825,991
13050,3707
12591,228
15031,401
17138,126
15832,465
15862,585
16770,452
16995,-1
16402,149
12808,188
15018,188
14952,3295
13148,1828
16726,977
13458,5460
13629,4372
15218,3329
16333,32184
13453,134
12598,1940
14165,54
17567,2428
17884,854
17888,431
12515,131
15464,350
16424,82
17095,613
14242,123
13493,380
13884,297
13452,2
13255,174
15012,231
15038,187
13807,36
18077,1878
16016,618
13496,329
17913,289
15415,575
18093,1381
16509,64
14473,88
15400,360
14645,381
16777,64
17906,26
13752,876
16539,477
17787,910
17691,134
15649,192
12423,1327
14889,90
13911,2731
12561,177
14586,236
12613,1596
17873,999
14800,3634
15194,5648
17812,350
13199,6172
17314,1884
16297,180
15410,1200
17045,106
16218,2077
17643,71
15514,1791
13948,40
15468,150
16899,522
15394,910
14209,688
14880,373
15319,175
18183,362
14818,324
17669,1916
13305,1232
14932,80
12989,2915
17126,790
13008,115
13221,244
16554,311
15110,240
13703,10
14431,122
12679,530
14535,1825
17069,1482
14060,5374
17965,1556
13097,2341
13869,1721
17742,89
16351,90
14616,104
12836,1064
17291,72
16592,2914
14499,501
15049,63
17781,34
15530,950
16781,111
12839,3804
15329,476
14414,2509
16387,44
13328,680
13707,351
16187,5004
16495,337
16080,104
13418,3839
14264,66
12686,107
13136,1312
13890,826
14334,1730
18190,139
16678,2368
18211,359
16377,1500
17043,998
16893,62
14448,104
17524,90
12370,2353
15204,258
12775,853
13381,2027
15236,269
17323,770
13792,92
12817,53
15106,1144
16626,2670
15457,132
13767,7258
14237,38
15834,961
17191,1167
13615,183
14620,188
17535,136
13026,1586
14066,45
18108,82
16891,283
15953,885
18092,4250
14709,2482
15460,109
15885,111
13133,32
13157,1430
15632,2049
16634,82
12395,2113
15028,459
13030,394
16771,1489
16992,857
16998,73
17282,1877
17995,133
14854,1822
18272,2044
14680,12474
14217,677
16795,239
14037,46
17220,1905
13004,4796
17358,202
15443,1660
14970,250
15809,251
16728,677
17492,155
15023,2863
15353,343
13369,127
18245,1781
14099,2177
18283,1397
17165,100
14930,1166
17850,1693
14135,3850
12766,3646
13800,331
17255,232
17663,793
17152,477
12738,148
15750,1779
17978,499
16743,2010
12348,2341
16395,1476
15174,145
15058,1069
16765,4
16792,44
13341,301
16584,635
16031,423
13748,439
15769,27660
16221,717
16011,2042
14082,110
13680,1267
13939,843
15670,91
15129,1794
13118,389
14348,183
17625,1198
13108,298
16477,1415
15898,568
13077,863
14777,-9
18212,101
16085,636
12842,547
17499,711
16859,656
14964,143
17908,173
15640,6572
15384,593
17796,178
14505,2743
17189,227
12585,1258
15673,1514
17083,772
15397,20
14147,96
15416,2089
16449,359
16136,440
14155,25
16096,155
15081,188
16779,5236
12665,36
18094,2518
12428,3503
18149,310
17674,672
15919,545
14867,327
16062,800
15326,386
14627,-5
17334,314
16425,199
18257,1010
16566,361
14231,402
16040,684
16499,122
13627,1266
12678,10899
12553,1924
13700,2304
16843,10154
14782,114
14659,1183
13728,458
16494,675
14803,370
15676,2231
15092,135
14915,105
15944,50
18086,106
13499,1358
15861,2543
17060,216
17701,109
15350,51
13145,142
12763,316
17236,474
17752,192
15664,141
13048,1230
17769,1857
14411,196
13824,768
13340,5770
16005,300
16029,32148
15301,2768
14708,615
14684,853
17231,1736
16271,1037
18223,2890
12410,209
13414,1574
15572,1229
12759,902
17164,1500
17017,6613
14236,310
16722,4989
16700,4019
16065,231
17700,1261
16560,498
12724,445
12609,648
13405,165
13330,751
17162,1000
15125,5991
18224,69
13900,430
17690,1767
14702,1444
17251,110
17293,1140
15197,453
13672,-1
12359,1612
13804,1498
16957,172
16180,5853
14747,82
17140,302
15380,374
15777,375
15620,899
16711,833
14672,454
14295,82
16034,242
15579,120
17431,292
13716,138
13591,485
16143,917
13155,497
13963,460
16904,2034
13078,5557
14987,128
12988,136
18078,145
14898,1008
17591,1008
17870,1400
16367,647
12931,23377
16279,1052
14897,468
16126,2125
15671,1681
15433,399
16092,602
17548,-132
17863,2638
13564,659
13092,271
13551,12
15215,211
13012,671
13753,512
16036,716
14129,592
17088,868
14719,1031
17440,232
13370,336
16306,471
13238,296
14426,2339
17848,398
13233,1004
17800,736
15213,270
17035,201
14520,146
17034,406
14607,7998
15178,30
13695,1603
17243,3362
16550,1526
17068,2154
14440,588
12539,2066
12736,173
16407,1124
15843,27
13718,173
12633,1149
15656,343
14573,538
13481,1127
12621,7404
14646,196719
15266,18
12388,1462
14068,73
14665,500
17881,32
17374,85
15308,173
14059,128
12586,77
15078,5069
13240,298
13230,1544
17865,5698
16923,3183
13668,3637
17214,275
14395,1689
12441,121
16735,1554
17786,200
14457,88
16441,173
16788,311
17042,994
12838,359
16010,210
16202,191
12970,310
15167,67
18250,198
15903,2409
16518,325
14272,599
16170,1766
12947,1157
17085,784
13922,93
13881,10062
14817,655
16216,254
15674,1075
17428,9435
14794,669
14048,274
15970,116
13931,721
13268,3635
15068,364
13319,4686
14107,1788
14159,4395
18141,-12
16282,114
17128,76
17027,415
14497,233
16434,767
16128,988
14796,5942
15079,388
17580,88
14146,1886
15527,988
14842,1146
14386,54
16414,27
16681,1407
14912,970
17381,25646
17339,152
17799,1755
17146,212
18260,1469
12957,2531
12480,1707
13362,1379
14071,900
13662,538
14851,325
17320,634
15005,4204
17576,1954
14737,345
13614,570
17711,246
14504,308
13821,153
16105,330
13115,1534
16531,915
18256,-70
17365,4777
15422,38
12676,670
14778,306
15796,859
14211,1232
16217,76
13899,156
12464,112
15406,236
13610,514
17725,2141
15498,6084
16701,6211
13124,2147
14130,258
16378,267
13636,586
16667,237
12541,680
14594,185
14901,659
14739,3817
17530,1526
12540,6677
16996,534
16892,235
15227,750
16496,1091
13809,29
16692,152
17738,1027
14247,47
18189,564
14021,192
16725,293
16814,2768
17406,784
15680,952
14057,4708
13527,1673
12625,1577
16208,333
15087,470
16384,260
12831,135
12545,523
13705,363
14748,1192
13599,3169
13327,1588
14878,802
12944,289
14553,493
13082,4313
13656,490
12845,204
12758,2135
15756,242
16898,386
17616,224
13140,186
12577,466
15160,84
13187,95
16850,249
13064,516
16124,41
15448,232
13606,279
13151,361
15220,1377
17133,2730
16161,2506
14189,3919
16059,643
13569,164
15358,6927
13102,4160
17912,183
17338,3123
16262,-5
12728,419
13819,1109
18136,373
17667,1037
15107,162
13011,13
16710,1836
13173,277
12942,203
13396,592
14127,321
17686,2478
16709,851
17758,2091
13525,394
13715,555
16233,165
14206,274
17090,920
16567,996
14238,111
12637,2990
14341,1401
13462,61
14443,931
17552,708
14083,732
14506,730
16163,92
12415,77242
15910,1015
13709,3501
17604,169
18202,581
14631,622
14530,1410
17867,253
16426,1243
15140,1567
17096,332
15201,962
17450,69029
14866,6569
15392,1265
12383,1529
14442,475
12645,1072
12505,-1
17139,5163
13014,886
15669,339
13090,2194
12915,93
15021,829
12818,923
12433,11071
12779,1996
15373,476
16931,3158
15880,187
16350,542
17696,1730
12434,373
14653,950
13750,516
14761,118
14227,1811
15709,121
16517,96
13956,491
15030,372
13934,390
18273,80
15298,2752
14243,1204
16656,8873
16727,177
16938,1025
16072,140
16778,194
15381,171
13626,209
17409,105
14821,20
14201,578
18106,128
14233,671
16403,103
15407,558
16427,156
17749,320
17719,2455
15521,1674
13941,2307
15048,183
12928,1472
15845,1918
16084,216
13475,1012
13121,227
15249,3557
17857,19086
15366,621
17343,56
15661,236
13451,2143
15606,720
13590,1846
14012,160
16245,1008
16210,7559
17990,414
15512,68
16833,440
16493,1113
13208,786
15047,222
13169,272
13731,278
18229,2488
13069,5466
14673,1004
14299,2013
17526,257
15179,1907
15033,1692
14428,428
14438,82
17175,865
13971,1818
17923,50
18280,45
12901,20915
13863,219
12963,873
13969,4483
16083,908
14701,909
13871,2801
17107,4537
15554,74
16976,88
16398,745
12569,1793
16042,745
16033,3516
14907,1686
16385,261
16717,1568
18004,78
13999,2231
14373,17
13799,402
12614,76
16511,417
13059,35
14388,1933
13756,3164
12417,1539
13883,1368
12997,648
12823,230
14754,486
17063,763
16838,184
14226,1301
17765,144
13758,1844
13113,2594
15192,918
14441,430
18016,1029
13198,2645
12829,375
14913,1743
12778,824
14304,54
12714,3069
15722,1021
13870,1320
17763,12
15528,123
15165,160
16638,1254
16817,762
16252,-158
17816,30
17456,222
14329,3075
16593,116
17714,92
14133,342
15971,1717
13394,2215
17507,359
14023,345
15291,2074
12720,4654
17262,367
16812,81
17820,-5
13600,324
13334,1774
14636,241
15019,159
14633,96
17235,224
14185,6
15681,556
13708,306
15513,5545
16520,557
15288,775
18226,3459
16730,898
13149,1280
16308,8000
18010,60
17925,72
17802,743
17218,958
15032,2668
16579,-12
13502,264
14784,237
16109,612
12707,256
12902,66
13588,2573
15732,215
17449,1115
17633,630
13001,5497
13929,139
15065,1355
15847,449
16808,196
14390,2125
17228,1532
15822,375
16607,2822
12672,78
14572,1425
16156,1270
13171,227
14371,34
13185,12
16620,88
17511,63012
16583,111
14298,58021
14119,-2
17364,2680
15510,2
15222,440
17929,107
15122,788
13425,1123
15121,199
17856,826
13043,251
13631,460
15181,542
14498,1098
17288,1203
18179,1360
16321,78
14368,36
13901,1739
18277,67
14798,150
14562,1670
15810,737
13666,41
13035,627
14446,933
14078,310
18225,3206
15945,52
13253,1572
17512,2752
18231,808
17659,1486
13831,745
14270,197
16359,1154
17356,166
13848,3700
12551,100
13953,2724
14321,2406
13246,1552
14175,1461
14959,491
13865,204
13358,285
16374,240
13196,1224
13918,1140
18263,1467
13777,12804
16365,504
18061,955
17303,144
16551,970
16152,642
14223,583
12748,24210
14491,139
13174,1395
13769,1152
15805,3337
13787,337
17372,749
15052,82
17540,193
16951,1306
14995,103
17134,102
17897,223
15867,2052
17340,5902
14544,1543
15611,498
15749,9014
14916,1132
14934,1041
18270,97
12843,753
16906,281
15299,2940
17227,741
16919,1413
17411,298
12872,319
17188,1301
17368,680
14755,2217
14976,230
14609,7026
12811,230
16625,164
17351,113
15493,555
16586,95
15351,732
13984,271
15361,336
12734,88
16875,1044
13693,-6
14224,514
16660,451
12764,386
17940,9751
16915,132
17716,3004
12669,1114
12557,4384
14667,5382
13854,2278
12510,353
13141,1547
14549,136
17537,700
13018,5434
16182,3791
18056,211
14740,729
13476,414
14352,538
15838,9007
15708,1258
17735,8439
16679,29
12753,11250
17371,152
13033,83
16112,574
13162,1663
14114,101
14595,978
15932,2311
12781,592
17654,41
13072,69
14886,160
17181,241
13270,200
13310,575
17311,1005
14805,115
14460,869
13184,1662
15712,486
16356,92
15182,253
16256,577
12792,217
18185,183
15442,120
13013,2217
17442,1490
16705,5458
15759,60
16409,1306
14502,1483
12990,200
15550,295
18196,433
16212,241
17426,3082
16712,1749
13592,84
17979,395
15045,106
13747,8
17920,2516
16752,54
12681,7518
14176,207
16293,978
18230,1298
17880,314
13266,4299
16037,428
14312,1012
13385,281
18069,1308
17795,341
14267,461
14758,419
13294,453
18119,125
13211,874
14560,1223
16686,2025
12455,2089
18138,38
16940,2169
18210,1398
15437,79
13950,321
14849,5656
16546,-303
16983,1366
16654,280
15211,240
17827,1247
14309,1619
13764,932
13593,707
15799,955
15687,1308
16618,1362
15981,1866
16841,2234
13448,1638
15525,414
13649,139
12668,1595
13165,1376
12939,4876
13068,200
13744,1249
13410,513
15951,306
16471,141
17905,407
13846,383
17306,11470
17256,141
17050,1614
17348,1401
12458,506
15675,527
16225,493
16135,209
12427,236
15545,163
12721,1954
13209,4232
17194,119
16556,1890
15641,1562
13534,2876
18176,279
12501,1722
13263,4780
17418,289
17644,1741
13309,1544
13421,1180
12623,191
17921,430
16456,1148
13402,479
14081,593
14215,1354
12483,1097
18095,419
17082,1049
13002,73
17376,86
18017,300
17612,1787
14745,1020
14957,34
17581,5861
13506,321
16782,703
17975,1552
14639,1428
18233,4
13815,2557
16897,58
17422,2195
14727,62
14840,31
14142,313
14256,410
16945,2725
12643,1808
14046,460
14962,44
12514,440
17212,147
17460,176
14047,377
17838,1421
17858,2706
14487,734
13495,814
12683,4903
14577,353
15281,1193
12594,1776
16110,733
17472,462
16768,191
17102,2
16955,246
15605,441
14696,1626
12647,1420
16422,32592
16086,510
16003,1185
12484,2185
16757,81
13725,659
12507,894
14346,605
17002,678
17416,4266
12878,536
13138,473
14576,12
17954,2229
17676,931
16873,3825
17454,243
14985,260
17707,144
13107,1288
17569,159
13742,1116
18114,55
17272,1776
14235,1947
16186,3008
16658,40
12826,1054
12726,3143
15139,208
13538,175
12528,750
12653,919
16980,788
15874,2506
14232,1937
14688,3222
15235,1324
17315,3856
17621,510
13837,183
14467,278
13110,384
15589,242
15226,71
13137,2225
14379,292
18155,258
15858,1167
14621,987
15316,100
12693,250
15864,1044
12352,470
12866,171
15869,175
15271,1257
17671,659
15246,247
16349,9
16598,70
13373,1651
13985,3439
13089,30787
15555,4410
17646,320
17375,361
13324,5200
13501,557
16804,246
16023,358
12604,201
15424,554
16162,4
15917,42
14911,77180
16713,4264
16570,2050
14320,239
17226,406
17105,693
12616,273
12361,91
14762,341
17733,463
17250,168
13512,143
12456,1616
13455,345
13021,1336
14258,7098
17118,154
14738,576
17329,142
12897,110
14162,142
17951,610
13491,903
18239,795
16718,413
16950,644
15456,660
13304,238
17284,1362
14167,150
18172,3170
17117,68
15643,242
15279,185
15596,548
12377,944
14090,72
16619,129
12619,3354
12747,1275
15899,39
15180,36
12673,351
17673,1485
18159,139
14481,489
13973,109
12584,354
13771,1476
14729,197
16241,1453
15998,2037
12924,480
15395,17
15144,3026
12891,950
15990,443
17956,1
14045,535
17961,560
12967,243
18269,70
18065,1024
14401,4505
16332,793
17829,496
15622,1552
13382,131
12547,134
17841,22865
15955,2124
14161,455
15502,3823
16525,6493
14543,600
15101,239
17849,114
13158,784
12477,3620
16652,3267
13299,30
16672,2812
14865,108
15660,1037
12503,-1
12735,368
13280,522
18198,3839
14239,986
13894,339
17302,573
16045,897
15104,635
13760,197
14741,841
17491,2012
16816,274
16600,1145
17555,349
15577,89
14632,96
14092,2061
13520,1642
14293,709
15581,286
18116,848
14016,2124
13144,21
13862,1682
12820,722
16912,1014
12908,0
17516,416
15067,954
15624,357
14790,699
12386,354
16519,54
16810,112
14221,2190
16222,365
17994,473
17412,738
17470,1675
15312,513
16748,880
16943,145
13754,214
12468,364
18125,803
12372,794
15303,248
18151,355
12945,165
17770,365
14670,337
16621,302
15819,1357
13037,431
13573,303
17648,486
13576,2640
15601,4978
14466,1006
12649,574
16665,59
17239,149
13565,172
12524,3699
17064,318
14692,255
16523,4233
14625,330
13269,3509
16858,83
16019,1649
15854,939
12490,3064
16206,272
14895,4823
13932,72
17361,157
16444,405
12855,30
13178,3570
12527,234
17862,100
12402,94
15421,500
12599,956
16462,12
17092,1131
16807,778
14875,554
15289,996
14766,1323
14449,757
14409,1158
15965,453
17158,778
14220,272
17075,289
15090,208
15150,3633
16809,651
14711,966
16203,261
15240,1361
14810,1016
17402,701
14850,285
13842,1768
15723,87
16676,631
15831,1097
13684,38
14157,273
13265,1752
15445,58
12949,2363
13515,681
14723,695
18109,4219
17917,187
17611,2552
16670,2524
12413,282
13473,260
16030,283
13539,314
13893,190
15321,1163
14936,4083
16392,203
18144,1343
15694,1665
12600,773
17860,104
14413,68
18097,1685
14188,1145
12502,820
12852,145
15644,557
14546,1287
17287,559
14679,-1
13611,762
15780,220
13183,2208
14229,590
17048,474
17602,4135
17180,680
12754,6479
16063,262
16696,146
14829,414
18156,301
17341,489
15713,149
16442,446
17404,32324
15290,4431
15615,5493
14769,7406
17007,587
13487,265
17593,3095
14732,1402
16497,1396
16918,708
16405,187
16115,1001
14693,34
17855,197
16013,13845
16927,993
17041,947
16153,1073
12451,6455
15257,45
14110,2455
15703,66
12399,1178
17211,1310
14344,477
13126,2130
15529,3489
16270,688
13284,79
15820,128
14049,3846
16755,1058
14461,766
16140,727
15808,1341
12476,2337
17114,210
17672,1672
18188,1167
13851,1705
15483,295
15449,810
13736,493
16022,261
15980,1560
16144,16
16250,208
13798,23514
12793,295
15789,438
13874,180
16889,925
15346,144
12437,2918
13161,29
14194,5783
12933,498
14447,571
17931,249
14307,2058
17999,221
14479,117
17446,198
13292,347
13557,546
13262,125
15691,72
15244,405
16883,104
18055,2450
12785,128
13317,1003
13817,211
18032,42
15569,666
17988,42
16997,360
12664,1202
13706,189
16466,789
15574,349
12971,9203
12682,5575
15356,1673
15881,199
12422,370
16714,608
17337,1240
15793,552
12407,1416
13841,100
18011,71
15860,440
14744,625
16596,97
17076,295
18178,979
17277,430
12916,1111
16572,530
15651,479
18024,148
14148,16
14423,120
15004,630
15254,275
18282,98
15655,319
18221,789
13601,548
16283,1222
14837,1430
14997,1102
17837,515
13207,130
14958,129
13508,24
17193,1238
16232,547
17190,160
15292,56
13398,281
16117,130
15594,982
15462,172
12694,509
16526,106
13500,585
12717,505
13544,127
16257,2
15584,312
16947,312
12757,2385
17972,37
17926,306
17265,394
13516,985
15491,1624
13003,103
16813,1525
17554,1763
13967,42
17588,676
13994,940
14332,481
12384,121
12355,240
12837,24
15850,302
13220,196
15116,648
15130,197
16671,875
13745,486
17353,1200
12447,190
15840,394
15253,864
13109,514
15795,581
17955,273
14117,72
14647,95
14177,204
12548,49
15105,1211
12453,473
12885,654
16053,1793
16175,533
13052,222
18248,501
16774,318
15219,45
16012,799
16834,358
15073,277
17709,17
16178,94
17312,372
17053,121
17584,446
14720,219
13524,324
16266,398
15599,718
16969,816
16338,94
15051,1011
17928,140
15440,197
14888,184
14287,236
15405,193
14375,194
14808,2054
13730,488
15920,99
13811,67
17029,400
15108,497
17423,421
18170,409
17345,346
15267,944
17448,-1
16370,647
15909,98
16114,43
15895,94
17331,16
17883,379
16131,1802
14105,798
17536,6
17984,98
13101,113
16076,1363
18036,234
16230,365
15152,2694
15386,446
17386,1902
12722,560
16469,273
17974,519
16483,44
13248,305
16682,1040
16984,2408
18129,48
13122,585
14351,12
15438,59
16348,819
12639,201
14364,1967
17715,384
13589,114
14327,139
16323,50
15925,93
12535,219
17871,182
17176,170
17242,611
17444,2119
18252,239
12910,1692
16637,891
15163,186
14453,49
13517,1360
15700,328
15829,996
16292,188
13549,457
17101,815
12589,306
17187,144
16055,22
12749,1422
13575,449
15014,151
13895,1364
15942,232
14154,465
13229,63
15865,368
15252,522
12556,358
15508,440
18133,0
15333,344
17263,36
16038,241
13339,326
14862,772
15027,563
16942,807
14591,1297
14988,141
12770,743
17531,135
13643,273
12750,137
14681,76
14853,81
12432,1801
15506,848
15746,130
13655,605
15582,453
16369,1035
14451,389
12473,2363
14132,3366
15186,215
14628,272
17589,1631
15747,480
17556,101
18143,570
17268,844
15237,1071
16610,66
18227,21
16006,84
17124,130
17155,242
12704,1003
13106,14
12828,494
17267,159
16967,333
17866,173
14998,270
18018,55
14972,28
16965,291
15704,1028
13887,147
15076,571
15537,29
14847,120
14079,301
17574,77
14163,893
12360,1165
17157,169
16643,269
14338,329
12461,287
13712,352
14198,280
13529,74
15098,60
13583,725
13991,996
13120,12
15852,48
14542,19
16113,176
14104,72
16305,256
15639,323
14495,62
17058,592
18235,1578
16756,106
15238,689
12743,319
14273,264
15128,1326
12871,200
14500,117
15280,154
13154,-1
12644,325
17394,241
16116,246
12409,5543
18080,642
16806,378
16226,192
16185,260
16587,71
13213,1357
13300,201
14339,150
12863,186
13384,2415
16247,182
12917,120
16319,72
13456,756
16446,2
17759,708
17948,144
12593,206
12974,24
14823,88
13761,642
12919,668
16147,246
14640,829
13242,130
12358,248
18099,149
14649,1018
12562,1779
12904,302
12424,740
17899,171
14918,675
12981,242
15247,160
14152,699
14145,636
12821,70
13737,125
14522,525
13466,258
13791,828
16697,27
16146,427
16099,434
17615,140
17429,616
18241,1047
16764,1247
16628,1202
17991,25
14353,64
14280,52
16829,99
15901,384
18213,232
18121,450
13388,281
17120,120
16358,1301
15825,220
14716,604
13485,277
15668,72
15117,1947
18040,148
14482,1646
16457,140
18150,332
16880,753
17879,45
12830,9847
14143,30
13355,314
13772,546
18246,166
17703,590
14619,145
14905,274
13417,162
13657,209
15314,313
13291,233
13805,1900
15230,351
12457,695
12506,23
14034,315
16929,929
14038,963
12353,20
13917,228
16464,963
15342,276
13016,527
17160,2856
14931,416
17718,83
17455,66
17900,1
13919,437
13711,140
14551,106
17166,75
12815,379
18265,311
18237,622
15374,126
14246,804
17505,556
13856,484
14584,379
16461,49
18081,195
13577,771
17245,75
16341,1388
17550,86
14311,125
15172,1611
17630,158
17384,88
15585,320
13461,1170
17694,184
13282,289
17483,191
15505,2348
13827,141
17935,82
14326,99
17898,190
14891,505
17046,510
13134,1044
16849,33
16018,190
13302,5
17660,130
15232,686
17932,789
13682,10
16545,78
17939,40
13681,360
17941,252
17768,1186
13200,516
16933,281
17624,554
16450,200
17779,394
14855,267
13562,757
13510,1382
13568,70
14111,457
15618,428
14567,410
13486,669
13194,26
16261,306
17522,1034
16824,236
17750,3957
12648,160
13116,290
17040,181
18268,0
17174,41
17031,235
12864,216
15800,335
18064,384
12697,499
18079,7432
12987,217
15453,845
17414,2100
13678,924
14947,179
15414,443
12463,757
13389,429
17109,573
13070,110
14241,146
16364,280
14240,418
14689,76
17469,778
18160,294
14561,1014
12615,1376
15007,69
13224,1512
13814,862
15935,115
18009,124
16054,380
16966,1978
12573,84
15757,491
13320,1066
16357,246
13235,440
13850,941
16617,91
13719,609
16258,2994
14873,168
16009,378
13940,516
17173,1121
14173,150
13435,2125
14331,252
17656,1399
17892,109
13311,305
15717,70
14512,122
14271,88
16007,1393
17658,522
16298,198
12379,406
13667,154
13740,425
16611,46
13482,116
13450,1982
12787,261
13186,804
16172,787
16624,488
16794,933
12571,523
16399,264
12493,206
13686,70
14690,163
12534,651
15985,836
12620,1181
16091,154
15184,223
13563,209
15149,128
13928,129
16990,100
17764,395
12378,2529
12363,408
14834,731
17443,504
12700,2963
15042,30
13780,318
13507,1597
15089,1359
17930,1594
16633,1137
16418,288
13365,1238
13283,90
13343,126
14222,607
13379,601
13826,80
16309,465
13474,132
15063,56
17579,256
15118,1440
16647,146
14937,483
14768,34
15265,612
16690,137
13135,4300
15743,216
14383,817
12627,2752
13952,1425
16750,214
14705,100
17278,179
13976,154
18112,255
17578,90
12592,290
14682,80
12449,1553
15679,1170
14722,120
14076,81
15210,228
17123,246
14305,1069
15120,292
14700,1342
16107,1176
13663,91
16287,298
15214,1254
14697,181
13391,4
15434,638
16050,278
15665,1666
18013,285
17664,604
16852,56
17891,393
14981,97
16729,5769
17887,30
12690,106
16239,218
16639,503
15143,150
17047,533
18120,31
13062,343
17252,193
15369,-1
14116,707
13479,133
17015,1981
17405,705
13723,43
13561,83
14651,344
13546,359
14503,2004
15623,125
16557,111
13218,88
17061,1484
15561,256
14859,669
16498,42
14623,417
15095,1077
16275,336
12689,628
12596,474
17670,110
18146,153
12710,849
17797,498
12624,355
12450,128
17960,41
15261,270
13632,1036
14844,1833
15212,33
13505,2461
17893,161
18242,1017
13885,182
12790,166
12802,302
15891,442
13741,217
16302,134
14973,369
16644,826
14960,221
15041,104
12560,1078
13925,327
16614,223
13080,120
14259,68
16325,164
17436,90
14342,337
14704,1082
12716,708
13513,109
15768,243
13427,545
17987,261
15135,41
12670,1391
16589,368
15630,799
15124,233
17024,69
15306,810
15737,584
13223,88
15489,593
12695,220
15897,261
17370,540
16174,651
13930,274
14885,724
15969,120
15389,400
13484,44
14262,1645
17289,519
13618,246
15839,670
13647,894
17115,368
13888,258
15467,306
12394,819
14397,1852
14765,135
17553,1048
16066,936
16440,2018
14489,299
15734,346
15412,108
13338,247
17724,289
15372,2924
12397,1263
15608,714
17734,422
12684,1985
16642,478
13937,123
14459,760
17514,135
13131,443
12610,1028
16659,72
16205,517
17601,103
12876,1941
15609,145
17110,50
17408,3
13058,52
13079,62
17054,802
14286,4306
12844,125
13762,0
14920,509
12674,1102
14515,1134
17651,3100
12816,128
15036,327
15802,-1
14019,1034
13570,161
13572,534
12380,1126
14029,198
18127,188
12769,356
15552,60
13492,408
12976,561
12517,1348
14552,91
13933,205
13548,441
12426,258
13962,87
14626,1387
14005,2478
15729,24
18203,43
15776,138
18287,1586
13437,1283
16739,169
17877,98
12977,12
14400,450
17649,398
16454,2
17597,1176
13692,1224
13055,891
18204,1198
18281,54
17997,2078
16866,60
16989,1233
14857,455
13167,785
13227,99
17490,1021
15016,76
17695,779
16616,370
16249,950
14199,28
18142,1273
17349,112
15507,162
17298,387
15754,197
14820,253
15625,1166
14868,1399
16877,463
17234,55
16276,420
14924,64
15109,127
16193,219
17217,24
14421,365
16342,157
12930,250
17065,-1
15251,6084
13376,493
14288,187
14731,256
14277,1624
16484,194
17828,641
13849,1016
14002,877
12405,857
17229,185
15134,887
13989,1313
16448,78
14816,5
18135,349
17360,335
14795,17
14340,58
15804,2515
15863,19
15411,528
16447,223
15813,603
13658,1009
14178,1505
13075,485
14022,487
14463,179
16581,122
13669,237
18236,403
12886,761
14883,789
14285,541
17159,1110
18122,1234
18262,182
16823,136
18232,299
17169,519
12833,156
16837,1562
15123,1195
13395,336
16872,600
16324,282
12465,475
13217,114
14517,91
13867,513
16139,330
15578,52
15256,55
12999,342
16188,782
15436,613
15826,962
15349,327
13617,300
13296,78
14000,707
16987,402
15791,730
18073,3098
13699,66
14511,772
14024,150
17367,150
16320,732
14691,707
13258,287
16763,318
14053,215
15198,120
15147,363
16121,586
13990,190
15921,166
14456,2901
15205,377
14759,569
16963,35
17642,474
13005,167
17582,123
17631,334
14819,109
15775,68
17854,84
13763,725
16488,724
15225,226
15907,509
16463,1135
16825,566
12412,829
17962,128
17723,792
13972,187
12635,1172
12521,309
15952,399
14393,13
16832,33
17410,616
16184,560
18165,254
16344,18
17693,229
17489,428
18072,46
17731,392
13555,2660
14622,146
17697,93
14948,661
12590,4279
14583,792
16869,581
12798,5256
14323,340
14149,129
14699,77
15730,683
16818,2163
14963,1176
13936,324
13023,286
13995,867
13308,840
12809,219
16149,308
15258,142
16229,318
18101,88
16102,942
15119,88
15376,619
14655,1088
16474,918
13277,176
17051,184
17266,161
18220,282
16227,88
17501,160
17970,525
14009,361
13833,118
16041,1584
15494,1148
12733,137
15517,293
16008,323
12732,111
12656,1708
13243,233
12438,1180
17746,26
13835,442
15402,694
16529,198
14493,1279
12982,278
17704,343
15912,185
13404,111
15187,1869
13192,595
14921,953
15705,62
16762,618
13813,550
17788,211
13232,778
14593,332
17562,813
16200,523
18180,1721
16209,1179
13203,800
17142,81
12354,530
17527,463
15069,520
12701,678
15745,412
13735,1083
14191,3657
13642,173
16103,558
14597,577
12406,1809
14984,60
15334,274
17299,678
16623,39
16097,87
12840,1505
13637,409
18048,127
14265,330
12516,875
14100,64
15976,277
16744,805
13420,88
12922,370
17464,220
12622,69
17521,518
12444,1155
17391,480
12940,406
17679,729
16574,416
12715,197
17172,479
12611,846
14420,333
16924,480
13483,160
16680,94
16828,59
15604,159
17712,215
16706,249
14660,228
15429,369
17154,490
16999,294
13504,178
12607,0
13923,185
15740,152
17836,88
14752,260
14124,1618
16119,240
14054,62
16295,841
16506,42
15216,28
14284,157
16601,134
15348,84
12723,434
12436,211
15091,343
16648,269
14658,47
16968,326
14801,175
17347,216
12566,264
15637,128
13594,359
18030,66
18105,46
16189,134
13960,142
16930,341
15844,134
13726,1054
15398,767
17647,30
14554,1478
18240,126
14687,470
13045,221
18278,66
14642,76
17081,78
15096,120
14141,337
17070,133
17148,82
17637,280
18147,203
15263,89
18096,825
17737,108
17244,616
13416,142
17014,240
17549,210
16015,906
16056,347
16352,300
13040,355
17573,302
17813,777
13347,205
16243,110
17895,130
14096,16335
14333,52
16413,148
15345,78
13372,159
16240,1634
18088,109
13685,5056
17545,341
14345,50
12882,246
13644,2060
12895,204
13422,1321
16921,171
18053,301
14317,255
14102,938
14523,251
14830,169
16491,478
15516,27
15667,240
16201,1267
15593,60
12536,2652
17503,486
13431,672
14598,189
14824,525
13297,963
18169,61
12965,283
17466,306
16561,244
12962,129
13228,200
17805,478
17785,67
16952,92
14436,129
17447,443
16688,804
15330,1312
16934,399
14474,139
14139,510
15958,33
13236,411
18059,258
17295,294
17119,327
14975,380
13279,70
12519,183
17350,759
13318,304
14089,134
14861,117
14638,166
12526,632
16533,514
14488,793
16685,396
12513,456
15701,923
15050,1184
15276,64
17382,25
16932,87
16429,9
16400,172
15504,33
16591,41
16052,282
17453,219
16104,123
16971,71
15801,562
16236,184
14757,160
13351,117
15766,170
16595,335
12667,395
16311,394
13868,1964
16887,157
14020,441
13518,392
13689,512
12631,236
13878,475
18215,118
13356,325
17205,884
16372,166
13470,100
17433,185
17564,146
14815,744
17222,128
16895,102
13858,75
15478,585
15355,45
12638,577
16278,109
16909,434
14967,140
15963,298
12491,260
14387,819
13247,328
13067,32
12936,539
17506,136
14547,2658
15977,1016
14216,594
17513,254
13801,168
12719,361
13690,67
16284,544
16902,629
17728,1464
16613,293
15307,37
13314,484
15074,455
12579,278
16513,407
15010,184
13430,738
16747,577
12824,232
12827,197
17274,79
16536,250
17330,120
13193,50
17186,200
18027,78
13670,282
14518,278
14234,963
13182,201
14882,158
12879,363
13260,142
13471,1590
16820,307
13514,40
15113,2362
15066,279
16910,886
15947,898
14799,146
12729,233
14208,114
15466,246
16120,866
13271,181
13621,343
14508,131
13375,441
18035,611
13447,577
13812,333
12390,353
13721,316
13914,379
17958,84
16627,162
12475,535
16826,158
14434,368
13460,286
15325,232
13321,372
15175,454
15814,1247
16846,135
16445,111
16761,341
17427,34
16416,655
13099,288
18222,335
13390,224
13810,311
15853,135
14585,91
14416,326
17736,237
17183,1264
18255,74
17528,2130
17878,401
17221,288
14108,380
13927,214
15327,116
13177,91
15786,3331
17777,507
12925,541
15243,185
12630,548
12688,3028
16653,723
15930,139
17666,596
17934,478
17824,408
15469,150
17947,168
17111,302
14158,781
17608,232
13210,316
15322,365
17509,3530
12357,2708
15652,208
18001,363
12446,352
16272,224
16796,186
14887,1100
15264,265
15473,552
18167,359
14359,363
15075,447
13886,126
13980,172
15511,271
12640,311
17475,178
14624,162
13897,200
15277,205
14452,119
16460,879
17006,272
13558,344
16020,487
16773,171
12512,99
12420,345
12544,132
18194,448
15127,251
13845,182
16776,262
17203,2850
13028,796
12364,1506
14314,296
16360,2128
14067,361
14014,1076
13429,1390
14164,1033
14780,310
17620,60
16171,24
14764,175
18067,189
15653,1200
13441,204
12884,43
18228,236
14125,1640
16715,642
13095,144
12641,72
14806,330
15949,284
16404,157
16123,170
12381,783
13778,70
16629,493
15533,256
13354,604
17279,48
16363,52
16415,187
16318,199
15343,84
16362,325
15659,111
14582,73
14174,94
14360,1151
16793,146
14550,394
15313,25
18205,192
12612,251
12822,548
14753,211
16527,106
15399,611
16480,455
15526,24
12518,1318
18217,491
15728,-34
15154,97
16900,723
15156,597
14039,92
17434,1685
13635,677
13348,136
15948,567
12418,407
16438,463
16428,-1
15576,404
14406,77
13774,192
15603,96
15484,3136
13364,0
12581,161
16803,245
12772,556
12995,98
16215,104
14484,210
16884,320
13860,589
13806,56
15022,543
16127,323
17595,229
13244,38
12488,529
14335,379
13755,1241
13651,33
14196,142
13083,187
12703,161
14539,428
16734,346
15344,106
13882,950
17534,103
15444,764
17495,229
16603,480
16211,153
13350,284
12546,617
14792,0
16173,571
12550,569
16650,372
16432,276
16674,188
15287,432
16108,599
16669,883
15142,365
16881,600
17086,1859
14027,62
13704,1528
14923,418
17122,80
15396,122
16758,203
15006,302
15158,198
17432,207
15821,202
16430,103
14971,644
15597,276
15541,49
14566,800
15762,251
15185,666
15300,292
13889,146
13759,287
13189,842
15099,343
18200,111
13947,44
17832,208
13159,1045
15475,319
13978,315
15488,73
15714,187
17614,238
16542,46
18042,33
13366,144
15054,198
18066,108
12628,445
18019,7
14629,376
13853,304
16742,-189
17747,11
15707,605
17628,79
17131,983
12430,117
15933,885
12783,622
13061,107
15837,189
13602,267
14050,689
12832,195
13419,275
13103,82
14306,1073
12425,496
16268,533
15000,218
16190,88
17333,375
14951,311
16101,738
16106,74
15553,451
14121,2078
12371,591
12812,164
17084,1816
17309,41
15035,245
13979,639
15297,290
14251,1674
16079,864
15423,101
16961,125
15683,131
13727,162
14212,1152
15993,2042
15706,305
12923,69
12856,1076
16412,73
13697,177
15025,189
12492,192
14171,167
15975,243
12398,1394
16337,87
17248,213
12814,49
17684,145
15385,161
17831,12
15663,106
15571,264
14908,132
14412,784
15088,457
18126,144
17520,365
16848,182
15677,319
12497,1236
15886,147
14485,71
18022,736
17640,250
16485,235
14184,127
12454,0
15994,177
15136,775
16468,31
18164,183
12739,486
15523,132
13336,559
15492,483
15739,472
13816,260
16260,311
12789,4
13822,611
17668,93
15551,218
15335,80
12646,897
16708,285
15320,326
15830,409
16555,175
15417,284
13866,57
16737,288
16451,120
17144,483
15500,572
17480,336
14109,56
17425,407
13245,125
17403,117
13272,96
13877,108
15610,66
16830,264
17451,1178
16198,129
16914,121
13924,1532
16978,166
18276,184
14356,266
12642,552
15341,812
13503,248
12718,203
17354,1006
13532,129
14772,82
15782,863
13212,309
15678,184
16248,78
14710,378
12403,95
16855,164
14218,160
12794,592
17481,1060
13323,175
13352,315
14910,221
17590,828
17387,542
12657,654
17030,146
14301,600
16836,165
16330,145
17037,652
13411,72
13434,300
12851,109
12685,1523
16157,344
13006,55
13176,453
18154,255
14664,466
12883,196
13325,240
13359,159
12752,2262
17498,394
14138,610
13278,537
12588,53
13032,367
12952,652
16281,934
12740,342
16982,182
17919,756
15522,573
18251,7824
17846,1
16380,1524
14179,330
15568,461
15787,540
14537,120
13307,4
12906,1749
17079,24
16177,95
16790,892
13467,584
15866,126
13519,22
15978,888
14698,615
15286,55
14250,1200
14357,148
16641,256
13147,144
13464,403
15472,251
16093,20
13127,127
16169,1325
16361,421
17957,287
18033,253
15748,51
15690,408
13808,782
13823,439
17163,66
16354,150
12552,88
14529,348
18158,353
15272,310
13536,2136
13587,160
16478,224
15836,24
17317,1074
16689,168
16213,48
15763,268
15803,290
16026,243
15315,838
15255,489
17459,537
12572,450
15427,1013
16582,164
14965,365
17206,76
16851,271
17078,788
13938,70
17557,306
15807,430
17125,291
18005,93
13607,290
18104,362
17653,1401
14869,549
13949,2474
17004,819
13639,800
13259,132
15612,52
16179,99
12498,159
14098,104
15883,223
18261,146
16160,1153
13566,575
16347,353
14261,406
14894,265
14652,53
15565,60
15937,73
13876,36
15360,223
17073,759
14055,216
15774,87
13974,249
13273,153
13130,32
16181,152
17321,373
15592,354
16847,78
17233,131
15103,329
14557,0
15239,591
16594,64
16183,113
16563,486
16345,289
15017,63
14432,2070
17986,10
14381,146
12522,194
13598,57
13363,710
17839,285
17973,176
16602,317
14418,1711
15744,120
14427,228
16313,165
17344,66
13645,158
15888,60
16379,1408
15193,144
16723,399
16017,102
15275,497
16322,231
18192,339
16071,180
12968,73
16141,238
16959,49
18045,142
12448,243
14974,44
12680,443
12756,144
16878,0
16753,189
13276,161
12375,177
18130,817
15480,303
17844,52
17415,114
12602,162
15598,156
12912,670
14528,278
16340,501
13954,141
14592,415
17201,268
15573,363
16049,793
16164,432
14712,315
12991,405
14856,714
14015,378
15957,211
13832,25
15619,136
15790,114
12367,173
14714,229
13188,25
16505,576
17904,62
17502,376
15634,99
16800,540
18174,50
18014,68
15904,84
17253,43
15557,219
13066,320
13170,147
17397,254
14703,183
17297,67
15060,263
16366,256
15531,1105
14140,809
16000,5110
12893,96
13992,64
17985,183
12504,51
12659,105
17793,232
18209,58
17566,518
14860,230
15540,200
14904,1985
17852,53
12713,508
16732,317
16204,231
16516,58
15097,170
12558,0
16024,398
17885,167
18123,594
14354,210
15435,54
12349,631
14785,84
14954,127
18015,157
12391,300
14804,121
17623,265
13521,736
15471,266
14349,86
15621,463
15725,221
13596,406
12966,75
16811,477
17772,58
13428,156
12442,182
17901,24
17680,96
17313,1382
14052,89
16406,123
16597,184
15432,65
17357,153
17767,128
12762,1227
17510,214
13403,44
15870,335
14675,341
17806,727
14793,88
13844,196
14080,48
12374,342
16666,233
17385,201
14126,458
12650,254
14968,127
15463,106
15419,230
17896,288
17286,118
16720,182
17636,176
18139,5461
16070,457
14382,1237
12452,183
12531,45
14219,78
12587,51
17052,261
15458,156
13449,222
15115,157
13256,12540
18117,618
14204,82
12445,62
12702,53
17500,17
12538,191
15567,223
13146,154
15877,246
16856,12
17911,223
14385,159
14725,593
18058,88
17100,800
18274,0
17650,150
15783,212
13017,48
14578,240
16784,24
17359,161
15043,300
14788,421
17254,252
15368,230
14300,32
13732,498
13091,450
14494,92
17153,104
13739,54
12479,351
13349,225
15992,17
17219,89
15524,4
13153,418
14641,90
15654,475
14836,45
13322,117
17011,186
16569,93
12532,153
16025,338
12617,213
14666,161
15721,409
17379,663
12950,1380
16986,1040
12478,236
17461,799
17727,639
17197,191
17458,170
13710,176
18249,128
18184,60
14601,168
18181,146
14929,136
16789,32
17022,108
17523,872
16936,173
16528,171
17232,203
15269,26
14661,35
14424,48
14362,100
16376,689
16903,262
12508,272
12890,259
13298,96
13160,56
16368,260
14581,217
12660,127
16479,102
14950,135
15153,198
17936,262
15168,52
15758,47
13638,93
17914,473
16759,608
15657,24
17290,404
14480,143
13986,430
16207,140
17835,348
12953,84
15773,311
13436,76
15692,138
18082,621
14569,79
15699,113
17247,106
12784,300
12938,140
16423,230
13790,748
15195,1404
12847,909
14953,225
13926,104
17237,105
12618,96
14756,416
13522,44
15428,102
14093,406
15556,236
13142,258
13332,179
17942,38
13673,119
16482,346
15872,212
15450,376
16535,356
14966,187
15988,181
14946,22
16988,43
14087,250
12658,320
12920,129
14893,799
17468,116
14073,128
16433,106
14902,209
16504,524
17791,46
18110,79
15539,410
15900,221
13560,64
17761,398
14789,116
13603,164
12984,26
15148,187
18216,200
15318,642
12603,64
12985,1413
15009,642
17038,28
15986,268
13828,311
16343,195
17010,116
18034,561
17561,146
16953,10
17977,342
16956,112
15520,314
17301,149
15857,308
16751,1031
15720,281
15645,256
17383,150
12795,68
14863,132
18006,220
14881,316
15274,619
17538,134
17600,144
