StockCode,popularity_score
22728,810
21889,607
90210B,7
21259,296
21894,135
21452,200
22121,141
90022,21
21249,119
90143,22
84881,8
21248,68
22254,61
20868,46
21331,8
90197B,27
22596,274
90026D,3
90177A,10
21711,36
22130,116
22314,137
21671,388
22436,170
84884a,26
84212,111
21535,370
21534,170
17084J,8
90120D,6
gift_0001_50,4
79320,1
21645,2
40046A,7
72800F,1
22629,924
82486,637
22438,104
22529,71
10133,200
21967,239
85064,35
85170D,102
90094,13
85036A,72
84977,3
90070,15
85130C,48
21456,26
90183C,9
23054,132
21086,439
84347,475
22077,986
21556,118
22107,188
22920,250
21690,11
21833,172
22154,172
22335,235
85131B,172
90134,45
22431,343
22893,149
85049F,92
72351A,159
90199B,8
21683,59
22026,162
35915B,50
84466,11
23156,214
20723,742
22922,108
22652,479
22919,248
48184,416
22043,66
20856,63
22831,123
21364,25
21714,233
47566b,102
22415,14
84313C,46
21117,17
84686,10
22508,304
21584,160
22895,292
21498,339
22049,36
82583,651
21238,400
22184,38
22875,25
85170A,2
90164A,15
90180B,5
21484,423
22543,57
22800,210
79030G,70
84598,101
79144B,54
21745,219
90198B,17
37501,52
90027A,3
90186B,15
90030C,11
90164B,16
84592,22
84845D,1
22633,516
22168,89
20914,937
72800E,142
21107,101
21408,121
22482,54
21181,882
21221,54
21159,126
90204,19
84849D,119
22129,101
84510C,56
90129E,14
22721,300
22923,89
84558A,85
22375,173
85071D,86
20675,327
85066,555
84247G,32
79000,134
90000D,14
85230F,13
84997d,75
20861,2
90168,13
85059,131
84251B,55
22698,830
90202D,12
84218,42
85200,28
84801A,7
85063,2
21283,1
71053,355
21731,874
85014B,355
22434,130
21430,494
22821,141
84509c,27
90162D,5
20764,78
21401,83
90158,35
22526,85
90039D,9
22249,157
85188A,43
90135,2
21071,183
22494,253
85135B,52
22517,73
90129B,20
21000,54
90019B,18
21058,128
22285,124
21989,342
22255,77
90214C,33
20734,30
47343A,15
20671,3
84637,83
90128D,2
20664,19
79323W,2
82001s,27
90063A,8
22748,451
22839,214
22940,339
22907,709
20719,858
20699,42
22788,64
22447,45
22433,232
20986,118
22158,324
20985,143
84813,39
90014B,16
22677,196
20731,19
90129C,16
21376,19
47420,19
84795b,14
21228,3
17021,57
22584,201
22797,103
85015,145
47567B,146
22777,65
22636,213
22859,167
21455,121
22148,194
84199,33
35921,24
90029,4
35809B,5
84029G,474
22088,245
22245,104
21868,322
70006,123
85129B,31
85039C,68
79160,58
90214Z,10
84688,18
84638,38
90163B,5
72038P,1
90176C,2
22913,114
22327,306
22585,420
22082,429
22626,210
21884,93
22081,141
22560,391
85045,14
21470,143
90082D,7
90082A,18
20751,226
22408,30
85049e,42
21287,55
85034C,174
21785,8
90130B,31
21410,2
20818,5
90205C,15
22776,578
20969,311
84508A,38
85049a,36
79149B,8
22685,105
84706D,5
gift_0001_20,10
72821,5
15058C,73
35815P,8
16202A,2
22687,56
22352,498
84755,640
21826,40
22429,403
82613B,114
11001,120
21507,265
21495,166
20978,270
17014A,9
35916C,21
22209,179
21031,20
21250,20
85036C,97
84536b,1
DCGS0070,2
90041,4
84726,1
22726,1026
35004C,49
84970S,546
22865,689
22766,533
22791,362
22124,77
85132B,76
20760,23
37464,4
21845,91
62018,61
22647,47
22053,29
22989,383
84536a,4
47344B,7
37330,1
23158,260
84576,19
22139,993
22262,146
22470,963
16238,136
20777,80
21621,495
72800B,41
DOT,710
22692,452
71496A,12
44234,38
22828,7
22856,30
21082,26
90148,9
23183,88
21363,137
22915,190
21108,270
85049G,277
22902,140
22115,230
21524,489
21801,128
21922,211
21220,90
22890,183
21616,142
85136B,3
22047,109
84929,72
22247,118
22268,168
84750A,4
22779,160
22962,366
20668,222
21328,353
22813,218
22607,366
35954,60
21638,42
22458,24
84508B,33
84952A,26
84876B,38
85230A,18
22143,1
23006,179
23157,174
22469,1239
22910,850
21232,904
21497,232
21830,112
22084,457
90039C,6
85087,127
22789,144
85205B,30
90014A,22
72789,1
21324,31
20685,707
22367,573
21179,277
22315,175
22134,164
22432,287
22519,91
90116,45
21407,140
22641,37
22649,230
85144,45
22256,56
85215,20
22106,49
90214P,16
48116,206
62095B,1
84800M,13
21344,7
21559,598
21815,32
20707,150
22604,131
22697,1085
21991,213
85039A,165
22366,226
85167B,10
21051,54
21468,66
22817,290
90211B,7
17013D,15
84748,65
84612B,1
22086,1210
22349,135
85150,486
22785,74
22186,154
22309,123
71459,452
85174,164
20894,15
84809A,10
85039B,173
85026B,11
78124,19
21144,4
22291,128
85032B,134
23232,246
17136A,21
20796,9
17091A,28
22587,166
22489,450
85019C,13
35961,251
22278,186
20768,56
22705,79
22181,60
35599B,27
75131,16
21619,169
22732,190
84711A,17
84356,82
23076,280
22545,77
21808,50
22761,27
84993A,55
21040,10
20936,35
90184B,21
21186,2
gift_0001_40,3
84675,3
47518F,28
90141D,2
72807b,4
90026B,3
20689,1
23254,315
22358,262
22059,192
21111,96
20974,370
21429,306
82615,1
22260,108
21060,71
22320,77
22341,78
10123C,4
22337,78
21209,94
47574A,118
72803B,1
84806A,11
22809,213
22620,498
84086C,55
20956,108
21189,73
22617,484
21784,50
21947,159
84924A,33
21812,104
48189,19
85107,33
35911B,15
22125,4
22424,473
35004B,121
22144,563
22480,75
84050,267
90190C,19
17012F,95
21372,33
47566B,379
22507,464
85129C,15
90050,5
21613,43
90081C,15
84510c,23
21689,27
21717,43
90201C,22
84823,27
84931B,52
35265,12
23049,188
84876C,1
22224,168
21034,967
22792,210
21421,17
21042,140
21112,82
84789,51
21617,106
85213,38
84993a,19
23177,278
21942,104
79030D,51
46000R,38
21643,62
22491,223
21157,35
22628,203
22363,91
35951,1
22123,124
35924,79
22389,46
84820,33
85163A,32
90103,16
22266,100
23007,188
21756,285
22500,101
21658,242
22589,81
46000S,196
22796,258
21268,1
21829,185
22843,137
21389,137
22085,98
16052,14
22541,36
90128C,2
21132,22
84821,43
90058B,16
90038A,10
22957,223
44092C,10
79026B,10
84499,4
85049A,332
22198,103
21980,303
21892,424
22372,152
85067,7
22265,71
37449,180
21349,15
22145,3
22638,53
90206C,32
84926A,35
90175A,25
84707B,18
84876D,18
90179A,5
21035,403
21975,641
21929,885
84510A,247
21985,434
84997D,481
84569B,22
21466,112
21576,78
48188,291
21669,451
20615,97
17091J,99
15039,149
84926D,35
37500,116
84804A,9
84741C,16
16020C,19
23178,73
20728,1197
22147,507
22575,95
22065,265
84912B,165
22316,57
21211,105
22063,133
35610B,2
84452,18
82483,603
84985A,21
21810,271
20902,57
22080,163
72807A,118
22747,233
85212,82
20970,266
22460,219
22374,232
21741,40
75049L,231
47367B,43
90093,10
37413,84
84803B,5
79321,683
22417,535
22024,217
22781,246
20828,250
21357,13
85014a,14
85206A,119
72122,63
85119,2
22281,64
90123B,5
21280,12
84596f,12
22466,215
22113,595
22712,320
21123,160
37448,206
22924,96
90003E,15
21379,51
51008,24
84917,30
72709,8
84631,30
m,1
23194,229
23050,206
22654,345
22768,287
21061,83
22396,135
37489A,16
20897,26
22102,32
90036E,11
21841,26
21395,95
72732,1
POST,1256
85099C,960
84854,2
20966,101
22243,137
85044,1
22765,6
21974,367
84763,59
84270,5
21027,47
90161D,34
85024C,10
22269,127
90042C,6
22391,29
90160D,12
90214T,11
84745B,5
22772,264
21708,66
22983,447
22360,241
22666,1180
21352,80
21679,138
84352,27
21817,67
22930,193
85031B,1
84809B,2
84842,9
22381,482
21984,219
22751,295
22670,306
22097,166
22844,429
21703,304
84685,23
90209C,36
22232,88
47351B,10
62086A,14
35969,1
45013,2
21474,1
23000,285
82494L,943
90199C,15
21481,513
22618,32
22699,1138
22947,142
21944,101
22953,99
20619,99
21527,173
22215,103
21788,91
22089,276
21397,66
22108,63
90013C,28
85132a,8
22708,101
22287,83
84549,7
84692,603
22555,534
22118,91
22605,307
21709,59
15056bl,62
22354,84
84429A,22
17038,34
84559b,20
90034,2
84922,6
82011A,12
85186C,80
16156L,18
84461,15
22146,2
79331,4
21770,392
22912,103
47570B,33
21063,102
22744,178
22917,249
22300,205
90099,17
22496,81
21439,132
22762,119
84927F,47
79066k,10
84711B,13
85028L,7
gift_0001_10,9
85224,2
21934,413
15056BL,326
21098,275
22276,88
22946,147
21896,117
21355,129
22733,201
21114,144
47503J,2
17109D,6
84051,27
21131,28
90064A,6
21210,463
21260,170
84596E,82
85019A,33
20665,159
22475,143
22681,137
90118,20
90037C,5
22997,235
22632,415
20820,3
22152,113
22295,261
22854,167
22667,500
22402,158
82582,446
90214E,30
21380,294
85159A,53
21945,106
21819,136
46776E,38
85094,91
22057,65
22229,104
46000U,27
22978,251
37488A,4
21949,145
21872,149
84597C,15
21319,21
22954,42
20934,37
16207A,36
22379,760
22449,147
21544,176
20931,71
21110,138
84077,542
21399,77
47556B,4
84358,13
22684,110
21647,31
84596b,5
44235,16
20826,10
22407,25
84968f,1
84806B,20
22999,232
72781,1
22537,175
21955,210
22179,299
85231G,85
20977,194
22099,165
22364,186
21803,202
22071,94
21158,180
22794,186
21528,124
21011,4
85130D,63
22690,293
47480,88
DCGS0076,2
22270,59
35607A,3
72225C,19
90142A,1
22267,85
22967,143
84611B,2
23187,80
85030,7
22193,472
22195,382
22909,640
47504H,119
35598B,25
22459,28
22586,165
84341B,43
90178A,8
21499,220
21925,70
85055,16
21446,117
21696,36
22282,100
90160C,26
35833P,24
22611,47
20849,1
90055,5
85197,23
85024B,12
84879,1502
84580,168
84988,515
21067,87
21377,41
82494l,61
22344,77
37447,121
85125,36
85032A,136
90162C,7
22709,39
21926,62
10134,1
21411,247
21794,109
22380,297
85038,149
21288,114
21684,49
72803b,1
22339,91
85179A,59
22495,100
22937,168
90091,1
90176A,3
84877A,5
21931,1214
22457,1280
85099B,2159
21622,114
22187,197
22547,103
84913A,125
22795,376
22421,217
20674,209
22702,49
22609,159
85034B,124
21635,18
22858,142
90024E,2
35607B,8
37444C,13
22427,529
22867,576
20979,345
21143,44
90214V,14
22029,531
21265,19
84968B,4
22932,74
85035a,2
20654,50
15058A,95
85194S,75
22805,200
21773,164
21383,176
72801D,18
21900,380
84539,3
84660b,2
90040A,5
90032,8
21631,27
21213,678
22716,289
22294,317
84884A,79
22725,453
22756,123
84970s,66
22251,143
20702,44
22340,131
84415B,5
84247L,20
20705,29
22192,373
90059E,16
84968C,106
35599D,34
85129D,66
84913B,86
20684,39
18097A,5
72232,66
84877D,22
21653,1
84569D,100
20980,22
21713,167
85035c,1
22228,149
21420,21
90125D,19
21378,34
21459,21
84966A,1
84968d,3
84535A,24
22468,155
22384,1137
22418,327
90018A,38
20798,7
21987,178
22986,156
20759,21
22250,150
21933,425
35651,60
90030B,25
84816,16
84666,5
84613A,4
90123A,9
90064B,8
84796A,43
22661,425
90129F,16
90200B,48
17129F,58
35916B,33
21030,35
22525,77
22891,190
90210C,11
84882,18
20871,1
85088,53
23231,260
84632,6
22969,655
21816,9
22087,346
20718,586
85132C,217
84968D,56
17096,26
84951A,95
85195,4
22929,15
20785,6
20864,1
84964B,1
22038,19
84880,82
22739,327
22554,729
21488,18
22973,151
22822,161
21354,97
20846,90
22078,203
90054,9
79163,42
72128,36
72802A,72
90162B,11
47579,2
79190A,64
21289,51
21222,76
21792,79
22881,34
84596g,1
22810,173
22921,216
22943,225
84945,372
35971,93
21174,550
22308,105
22175,175
16225,104
47586A,8
35646,96
90000B,7
90003B,11
21636,81
48185,372
22964,391
22754,270
22755,256
85232B,22
21668,458
22304,62
22841,224
22248,114
90129D,7
71050,6
23184,270
23159,234
22098,186
21824,123
22141,473
85184C,197
22713,224
22092,93
22162,98
22203,148
35598D,43
21351,39
22440,163
21393,9
22509,90
21626,106
90086,28
71403,34
84665,21
85031A,7
85040a,21
37423,4
21791,617
21258,185
22185,166
22190,117
20840,77
21424,76
22984,165
22157,12
85131C,50
85118,14
84989A,20
85206B,4
22127,25
22531,203
37343,14
22301,270
90214D,32
M,571
22393,74
22668,351
47422,59
22683,130
84974,29
21916,367
22829,115
22734,447
84923,98
21704,252
85034A,88
85216,8
21026,71
85025B,40
16169K,9
84251G,53
85160a,1
35972,19
23230,239
90187A,1
21891,452
22511,55
84836,552
47599B,120
84563A,37
85136A,56
21879,96
20975,378
22343,96
22655,47
21361,73
72349b,82
47503H,43
78034B,7
46000P,6
21336,10
85173,88
20666,18
22722,872
75011,12
90095,1
84859C,23
72793,1
22136,89
22763,112
21200,75
72801G,15
22608,146
40003,16
21763,7
47578A,49
90013D,3
20756,23
84279B,77
85028S,10
90152C,1
22992,367
22326,764
37370,174
84519A,88
85183B,119
22646,406
22627,382
20711,534
22741,237
17012D,99
21875,154
22897,218
21918,378
90196A,5
35001G,33
20910,4
90128B,2
90074,3
15044D,87
71215,2
21946,25
85089,6
17084A,7
22993,1111
22191,441
22338,189
84970L,460
21866,197
20669,102
22241,247
22974,216
22572,187
20761,66
82616C,86
79191B,31
90214F,15
90053,4
82011B,21
46776C,59
21316,18
84951B,83
35920,16
84251F,1
23003,55
20754,310
22361,279
21881,79
22439,207
15056p,26
84963A,1
35833G,2
17007B,3
20763,27
16045,71
35443,6
84509b,4
35909B,2
84849B,77
21992,454
22653,256
22076,227
37461,3
84670,1
21360,17
84826,38
20757,36
21500,213
21642,111
22073,76
22050,43
84968a,3
22286,119
85160A,2
85110,1
47591d,56
22968,203
84030E,346
22737,269
21935,532
22345,75
35818P,20
20733,209
22640,58
90214S,41
21128,36
21700,204
85053,344
35958,5
90059A,28
90208,38
22206,5
21270,36
90190A,10
84227,3
23182,452
84991,871
21041,266
21333,16
22965,244
20682,248
21472,40
21059,95
22693,307
AMAZONFEE,34
37467,20
84968e,6
35817P,3
21402,93
21757,3
85018B,1
D,77
22533,92
22090,812
84946,946
90166,15
22061,162
72130,28
22671,146
21311,59
85230E,26
72801d,44
22046,77
72759,1
22900,564
21743,53
21718,232
22041,369
22376,126
22614,228
72817,168
21467,106
22025,134
20653,33
22208,293
90138,7
22365,184
21206,112
22959,148
20960,10
22606,157
84660B,41
20704,45
84660A,47
22257,44
90144,14
90165B,18
90024F,4
90027C,5
47590b,9
21523,506
21340,301
20749,394
22650,148
22603,179
21441,62
22757,165
20839,106
21864,188
22342,130
72127,33
21129,28
84614A,2
84874B,15
22691,123
90089,10
22258,79
90136,2
15044A,104
79192A,3
84708B,20
84969,214
22242,40
21678,32
22274,276
22688,35
22155,153
85177,65
90214R,25
22503,37
21531,264
22167,162
21294,76
40005B,4
90201A,29
22103,31
85189,5
84465,8
23180,50
21907,373
22952,653
22481,132
22445,138
21990,376
22437,231
16236,136
21670,390
21538,3
21100,28
84247N,18
37474,3
71279,45
47481,24
22528,2
22857,65
84546,1
21368,34
44092B,5
10080,24
22736,232
21716,247
47599A,168
85071C,106
72816,73
35967,67
85227,237
90177C,15
35810B,30
46118,46
90101,18
21204,85
90001C,5
22868,21
35810A,78
84795C,2
90025D,3
22161,363
90129A,20
21195,83
10135,180
85124C,40
21025,56
84531A,32
90169,12
21145,10
21043,93
35912B,20
20795,13
84803A,1
22386,1251
22556,591
22945,184
21664,21
21911,33
85032D,97
22806,38
16012,37
47021G,29
90167,2
21693,53
21618,100
21028,58
22883,33
21285,44
90126A,1
20694,18
90011E,3
21457,25
DCGSSGIRL,13
90182B,5
22299,83
21262,83
84828,189
21624,100
21905,161
20802,65
71495B,8
21386,56
85035b,1
35910A,4
84847,14
79336,5
22866,590
84375,533
21065,94
22570,403
22569,359
35591T,5
21976,408
72818,83
20712,878
47591B,59
82613D,113
47594A,55
21807,37
22233,113
21001,51
84799,13
90160A,16
22970,328
21747,55
22066,146
20933,10
84805A,5
84593,3
22464,371
21588,139
22207,213
47593B,247
90214G,30
22592,137
90013A,33
10002,73
20727,1350
20773,26
22227,303
85017A,12
21216,449
21758,33
72803A,46
21936,546
22563,292
22894,123
85202,116
90212B,8
37462E,12
71038,53
85049d,2
22914,160
21786,237
82578,310
16237,298
22534,267
47421,64
35471D,236
85017B,163
22581,185
21927,109
21219,90
90151,4
84898F,21
21306,47
85027L,20
20903,57
84507B,23
37468,16
85231g,6
20821,9
21733,773
21915,677
17011F,8
20770,73
22602,283
85040B,40
21882,73
22132,155
84596L,174
22280,97
22510,43
79071B,12
21332,14
17028J,1
44089C,6
84559D,1
22557,589
84992,650
21738,27
22271,311
22548,216
72598,95
90077,3
21769,3
90002D,10
90141A,10
21054,31
22860,113
85093,89
72351B,192
22710,106
21628,35
85232A,31
23155,152
22827,31
22951,458
21591,160
22847,409
48111,238
21761,11
21002,66
84559B,58
90013B,31
22045,212
22808,76
22279,134
21615,140
84510a,40
22214,56
22351,3
22064,266
22296,333
22714,226
22988,443
90059C,11
22918,247
84944,93
22156,276
22476,128
84031A,167
22863,115
22977,138
35964,103
84856L,3
20766,60
48173c,7
20762,56
22880,33
84843,50
90042A,2
22979,395
85145,15
85049b,2
84029E,452
21115,166
22730,594
22630,881
22594,198
22731,145
22355,912
21365,54
22579,355
22420,129
22898,372
20984,183
85111,61
20695,4
22874,22
21476,24
35991,1
22980,303
21724,81
21914,615
22927,158
85104,19
21381,232
21539,261
21095,16
22933,125
90011D,3
90108,13
22095,157
84535B,159
17012B,87
21191,95
84870B,26
21558,427
22414,100
84507C,32
21644,38
22263,55
35911A,71
90000C,1
35603B,1
22176,122
22835,679
71406C,21
21843,585
20971,538
22324,75
90161C,50
20845,11
90123D,5
22493,228
16161P,250
84660C,47
22137,14
72051S,16
20847,18
90040C,10
16008,71
22289,37
90206A,9
90181A,7
22169,390
22348,364
22949,108
72799E,79
20996,229
20765,61
85214,60
84006,107
85014b,23
22105,34
20661,33
18094C,43
47348A,15
20954,3
90178B,1
47013A,5
21839,2
81953P,4
84509F,1
47580,114
21314,585
22183,131
22942,166
20973,375
85114B,79
21982,372
82613C,98
17003,245
22536,162
90040B,11
84658,24
85204,108
90059D,20
16206B,2
21681,3
84802B,2
22623,243
22540,93
22961,1182
90200C,29
22151,345
21197,28
22336,86
90209B,57
22846,296
22853,117
22346,61
22062,87
21371,38
21320,23
22659,750
90059B,11
22769,11
22350,125
22562,217
21224,169
22306,119
51020A,20
21291,52
22051,41
21246,100
22872,30
22764,5
82095,31
23004,231
22752,389
21192,94
22802,50
22696,159
37491A,4
47471,41
21561,217
21391,115
90056,4
35809A,65
90037B,5
23128,144
21126,128
22328,611
22357,192
21469,91
21809,126
20893,30
85203,133
90114,88
37489C,8
22307,80
85208,50
35597A,2
84916,30
90165A,15
82613A,20
85231b,3
84509a,68
21898,28
22411,1202
22196,489
22558,792
22804,496
90185C,13
22735,141
22550,222
21641,50
84519B,128
90152B,2
90184C,17
37340,139
21264,51
21160,2
90112,2
21278,11
90079,4
79172D,1
21212,1385
21116,260
20866,93
22171,406
17012C,87
21313,226
21109,118
90024C,3
21504,117
85126,4
22532,75
20758,46
85018C,1
84872A,36
84800S,11
71496B,4
48187,608
21242,311
22582,105
22635,204
21781,112
84596J,70
90161B,37
90192,26
85106,24
21677,120
22079,334
22093,168
22656,27
21633,43
90027D,6
44091A,5
84306,11
37477D,1
84950,126
22544,180
21068,202
22616,531
22031,81
22101,70
90198A,44
82605,5
90210D,9
85161,22
47589,5
20698,9
84801B,4
90098,11
23051,164
84086B,9
20992,294
21676,61
22565,150
16016,65
85136C,37
21775,140
84846A,15
84559a,22
22830,8
84596F,452
37479P,37
20892,6
20618,76
20830,38
90133,13
90037A,1
35645,5
22848,140
22904,279
22094,214
22037,359
21217,352
21721,35
84870C,28
84562A,5
77101A,25
21943,50
35597B,1
84558a,5
21418,26
85211,30
72801c,25
20738,1
23126,304
82482,1129
85014A,280
21651,14
85035B,72
22911,99
21993,433
90120C,22
22313,68
21415,48
90115,31
85032C,144
22885,29
85086A,53
85194L,77
84231,21
23186,73
23008,139
21169,470
22955,140
22378,296
22331,185
22849,139
21973,32
84313B,40
22852,127
85163B,37
90038C,4
22413,422
22759,444
20750,391
21790,944
46000M,145
22825,29
17084N,101
21547,24
22446,136
85036b,1
16218,64
22021,74
84840,10
90085,10
22679,161
90060B,1
90035A,4
82613b,4
84689,3
79063C,15
23176,239
22382,1192
21867,134
72799F,33
90194,10
22283,158
22409,59
22746,335
21518,39
21902,218
84952B,30
21039,92
22163,127
84661B,29
35970,477
90201B,25
85020,22
16248B,8
22111,798
84709B,12
20726,1061
22975,189
21367,43
20835,8
16168M,42
84459B,95
90081A,8
22985,99
84952C,15
22275,1
22060,45
84459A,98
84912A,76
21318,57
16216,45
90210A,10
90057,23
90122C,11
22502,484
48129,210
22561,449
90161A,21
46775D,42
90214A,56
22023,149
85049B,16
90196B,5
22252,72
21089,26
15056n,84
21442,60
84750B,14
DCGS0069,2
23181,86
35650,2
21506,327
84625A,44
22580,253
21774,188
22399,101
22246,91
22499,412
21719,59
22210,195
85025C,44
90185D,11
90073,18
85109,1
47341A,7
22435,276
22815,269
21055,108
22419,282
21877,370
21251,46
22230,108
22720,1477
22040,28
84926F,29
gift_0001_30,8
21655,6
84905,22
21805,1
DCGS0057,1
47502,1
21986,191
35095B,98
21634,29
21356,153
90177E,10
22220,96
71143,39
79190D,47
20803,44
90179C,6
16169P,3
81950V,8
22886,25
35819B,32
90059F,15
90130D,3
84990,5
21890,244
22643,50
22091,173
22613,148
22682,122
16219,101
84600,26
90012A,6
90152A,5
72807a,5
21087,18
22631,411
22428,118
20982,266
20676,459
51014C,182
22412,153
84872a,21
85169A,90
85018D,7
84508C,27
84522,13
21680,103
22218,2
21707,74
85031C,2
84569C,2
22068,149
21106,54
22634,250
21873,123
21851,63
85178,147
47590B,402
90018B,17
21239,313
37489B,12
21555,70
84921,8
90019C,11
90087,25
90125B,12
90067A,7
85180A,65
85159B,72
16207B,20
22441,228
84031B,147
90010B,8
S,63
22823,15
35910B,3
21695,42
21755,656
35610A,4
85186A,81
37446,206
21820,99
22673,135
21172,484
90195B,4
22288,63
46776A,70
21666,43
20906,3
22538,41
22824,44
35004P,2
85135A,11
21088,104
22998,557
22981,111
47563B,1
21033,308
21479,519
22672,224
21428,269
15060B,134
84970l,50
85230B,39
22820,79
85103,30
21124,249
21358,109
21620,175
21188,51
35965,83
84663A,40
20677,340
90082B,13
21578,134
90028,14
22700,58
90175D,20
22826,45
90154,5
84661A,20
21460,11
37379A,2
22926,206
22488,427
90214M,28
22199,170
22104,59
90010E,16
79144C,52
37444B,5
DCGS0003,5
90012B,4
21793,76
84249A,29
90119,37
82567,294
21494,322
22333,334
22916,246
22876,20
21447,152
21623,228
22882,43
90214I,13
21162,165
20932,37
20851,8
16259,33
35015,1
22783,34
82581,411
21899,290
79067,40
21215,128
40016,100
85054,123
90147,24
20793,6
16162L,10
23009,103
21913,150
37444A,23
22819,270
48138,627
21928,823
84279P,139
21629,44
16235,170
17107D,47
21375,29
22935,66
20778,10
17001,1
21637,7
90014C,5
20679,330
22553,593
22775,257
22818,249
20696,30
37450,151
90211A,8
21465,79
72802B,91
90036D,5
84510E,16
84817,62
84919,30
35957,44
84536B,181
21563,159
20681,51
21682,58
20659,65
84568,148
72351a,12
90170,38
35832,1
DCGS0074,1
35649,37
22729,474
22112,889
85231B,155
22119,114
21564,126
22400,160
22405,73
20657,33
84968A,102
47369A,20
90132,3
90183B,17
21720,8
84569A,66
90175B,9
21454,140
23077,348
21094,532
22774,146
22803,31
22467,731
22567,238
22359,88
22479,98
21917,230
16156S,168
21508,215
22395,33
21275,17
35241,45
84875B,20
84798A,5
46776D,37
90125E,10
35913B,11
85132c,3
35824B,1
22310,111
22925,192
20658,110
21134,1
22753,220
21698,45
22325,100
22443,94
20886,108
16015,27
90160B,12
71495A,8
84877B,22
90039A,3
72140F,1
23348,188
22767,235
48194,599
22096,127
20772,66
21981,277
22758,181
17012E,11
21813,115
84559A,94
90175C,6
21903,184
22403,128
16010,4
22520,120
22293,129
84192,28
22410,58
20701,20
84967A,1
20850,1
21977,896
22798,285
72802C,117
21802,184
21821,64
85127,55
90071,33
BANK CHARGES,37
37489D,17
35916A,30
21226,21
90060D,3
22889,35
90202C,15
85170B,40
20848,8
22109,307
22273,344
22695,125
22142,393
90200D,79
21263,46
22072,181
90062,27
20781,29
22329,243
21120,2
16054,34
20670,11
85183A,90
84575A,5
22871,25
47585A,83
84406B,296
21672,426
84744,20
84509A,233
22453,83
85199S,275
84536A,346
21366,47
15056P,150
90124B,11
85061W,178
90096,27
37333,20
21293,25
84597B,7
37342,115
84907,24
22465,209
21154,463
21814,19
21662,28
90003C,25
21147,81
21269,20
22861,50
21196,14
DCGSSBOY,11
84997B,377
84032B,262
85049H,188
72133,17
10124G,4
85124B,40
20748,36
10124A,5
22535,138
90104,14
22211,203
90005A,12
16202E,4
85141,48
84859A,36
21503,26
84966B,1
84858C,8
21463,144
21070,109
21369,16
22166,89
84596G,251
21202,26
20771,41
79051A,45
84925F,16
85180B,48
15058B,100
90125A,10
37351,2
21520,59
21888,389
22948,147
20957,1
46776B,88
22448,45
22027,369
21155,506
47369B,22
22931,132
90039B,6
90146,7
84997a,65
90084,2
16161G,22
22771,458
22188,191
22837,195
22610,218
22966,693
90051,7
18098c,12
20998,70
22223,79
21736,9
22879,16
90011B,7
22851,363
84949,329
22750,428
16258A,60
22944,117
22390,37
21595,3
90184A,9
84926E,40
90125C,7
21461,9
DCGS0055,1
90157,5
84007,1
21533,361
84378,700
21135,189
22862,70
20780,30
22718,172
22284,138
85035A,91
22621,625
90140,2
21171,74
22513,68
90019A,27
90214K,38
21382,132
72814,1
22887,23
85188B,11
21458,36
90202B,11
62074B,4
22117,96
21244,202
21577,177
84947,371
21427,44
22539,141
21878,231
82001S,132
21445,25
84563B,42
22353,28
90201D,31
21661,6
22259,45
84800L,25
90016A,7
44265,3
90124C,8
16254,18
22745,436
21739,113
22899,320
22651,170
22173,509
72741,303
84509B,80
22332,154
72801C,20
79151B,2
21847,33
22322,140
22319,64
90155,7
21096,105
22941,333
22451,58
21326,355
21292,28
22069,148
90214J,41
84915,23
90181B,14
90187B,8
84620,1
35644,1
90001A,4
22114,660
22197,1476
85049C,231
85099F,842
21486,12
21012,203
17084P,39
21673,386
22504,72
21205,75
20652,84
16011,47
37475,44
21972,67
47594B,59
71270,53
21166,746
85152,688
22530,239
21329,291
22485,212
21822,108
90214H,30
20752,154
22028,267
21392,9
84925D,11
21828,87
47559b,28
90141B,5
90120A,3
72815,4
90163A,9
84617,3
21897,5
82484,698
22297,389
22583,115
22471,107
18098C,55
20950,1
16046,18
21530,113
21723,61
90183A,24
21827,4
90185A,14
47593A,15
84455,1
90016B,19
62096B,3
47013C,14
22780,142
21471,168
21056,74
35095A,100
20735,114
22855,241
85008,11
72760B,156
20769,34
84796B,126
22110,290
22645,363
70007,113
10120,30
90060F,6
90200E,44
84975,3
20663,20
85006,10
90141C,8
79323B,4
84745A,5
47469,20
84526,1
22991,287
22622,272
22189,536
22178,1072
22120,193
21038,25
22814,236
22430,212
21165,460
21374,46
20700,55
21281,15
22170,270
79164,27
22877,20
85130A,11
21167,68
37482P,51
20857,10
17165D,9
90078,1
72812,11
84548,8
84875A,1
20725,1639
21156,369
22624,741
22639,152
22514,105
22216,68
16161U,135
84078A,163
20775,67
22873,26
22048,33
90027B,3
21198,74
47518f,5
84226,11
44236,9
21274,1
22128,80
48173C,195
C2,144
21018,8
22578,536
21398,64
85175,154
85039a,29
22908,389
85078,125
51020B,17
85062,164
79329,3
21425,30
90202A,16
21394,138
21084,185
22982,215
23127,200
21754,806
22727,1107
84832,274
22549,363
21895,3
21218,409
21279,31
72134,11
21422,66
21849,69
22334,102
90010A,16
20829,206
84802A,2
84927E,16
75178,13
85098B,2
22644,283
20717,420
22738,283
21462,73
22870,41
21078,319
21932,457
22362,144
84795B,48
21750,25
79191D,17
90024B,7
22778,168
84380,707
21880,242
22472,112
22642,53
22625,578
20867,63
22574,226
85199L,98
22845,327
21906,180
90186A,10
82011C,20
47310M,122
85187,71
37327,90
21359,34
21403,106
22703,123
90177B,7
90176B,3
21003,46
21511,1
85123A,2313
22960,1229
22100,61
22595,478
22660,102
22450,61
21426,50
22869,45
16161M,1
22398,258
22461,67
20703,4
90031,7
22995,273
85065,1
21912,401
20963,233
21706,121
82552,371
22577,558
21370,9
20616,71
51014A,244
21594,3
22546,88
84978,767
85096,19
84424A,1
90026C,3
90016C,3
35611B,1
85071B,133
22663,454
84625C,41
22219,561
21710,45
21804,71
21930,720
21385,331
22200,142
22518,85
17084R,27
22939,130
21090,224
21910,9
22833,7
22903,59
85168B,35
21412,2
84723,6
15030,14
84997C,339
21062,75
10125,94
22906,265
22501,474
15044B,62
22665,372
21579,55
21014,124
21988,195
22674,193
21904,26
62094B,9
20794,30
84931A,52
16033,5
22204,82
84457,28
46138B,14
20898,16
22150,483
20713,684
22551,697
22938,192
72586,85
21722,37
21850,56
40001,63
90180A,10
22811,110
84927A,20
90214B,22
21284,45
84012,117
90076,5
79406,8
37491D,2
23193,187
23052,279
23154,252
84856S,3
84743C,3
20961,232
22371,413
22321,134
22588,182
22454,45
85048,285
85176,173
84997A,263
21161,49
21417,69
85185B,85
22042,42
84673B,66
90214Y,8
22221,53
21317,37
21473,21
37503,1
72800C,37
DCGS0072,1
35823P,1
21125,109
21811,261
22694,419
22905,112
21015,145
85232D,74
21032,31
20767,82
22516,66
85084,9
22782,74
84796a,12
21348,7
85023C,1
22990,179
22996,422
21832,206
22743,211
21656,48
84674,50
21066,56
22456,511
84987,339
22884,36
20686,79
35653,54
79190B,59
84247C,1
84251C,40
85160B,18
79062D,5
75172,9
22075,206
21519,250
82551,357
84581,93
20724,1068
22678,170
90120B,15
85099f,10
22305,52
84968F,66
85170C,72
84857C,13
35647,2
35004G,22
22568,490
85172,53
21327,256
22816,271
37476,29
20622,52
20655,99
84997c,66
22523,139
85047,4
90190B,7
85179C,36
22711,106
22033,23
90199D,6
84971S,176
21245,131
22807,199
22704,177
22615,104
22394,24
22976,151
85114A,56
84509G,66
21240,334
84534b,2
22116,149
84997b,70
22701,121
22034,9
84910A,18
90122B,6
90075,3
22083,619
22423,2203
22801,237
22067,76
22675,172
21390,222
22474,135
21286,30
90001D,5
84707A,45
84660c,16
22512,39
22936,53
84509E,23
72780,20
90068,1
21243,212
47591D,446
90036F,5
22272,53
20967,86
22505,322
85169C,47
47504K,221
82616B,77
21836,5
90145,18
72349B,118
21627,48
22521,113
15044C,91
22138,974
84616,11
21589,1
90191,11
84967B,1
84798B,5
84678,16
22600,200
22892,218
21416,5
21901,320
21581,80
21726,42
22934,79
84584,32
84766,18
21667,6
20837,15
22487,447
22194,48
22277,100
22422,209
20662,20
22786,47
21908,478
21163,138
18007,32
84509C,52
90177D,15
20860,2
85114b,14
72369A,6
23166,260
85179B,1
23078,259
82545A,1
22383,1348
85169B,62
22784,338
21625,174
22356,777
84032A,318
17012A,67
20697,13
22131,303
20832,86
90185B,14
22598,99
84497,8
79403,15
90072,14
22707,49
23010,114
21614,11
85116,92
22074,202
21823,108
22566,156
22135,180
22669,235
21509,274
21648,70
84683,14
85169D,51
90214N,24
21413,17
22052,31
72131,19
84422,17
85114c,35
85040A,179
90023,9
90188,8
20831,39
85146,11
90011A,6
90214W,5
22963,322
22312,139
21190,10
22601,208
22477,129
22478,141
82599,146
90173,18
22840,289
22202,42
22264,100
21580,62
22231,158
15034,142
21632,26
90212C,3
72132,12
84673A,44
22302,217
79323P,4
84360,20
21789,98
21208,89
35637A,28
17090A,10
21937,262
84596B,541
21746,231
35609A,2
47503A,175
90038B,8
22036,1
23256,382
21080,1015
85095,48
22740,173
22680,164
85035C,138
17090D,14
15036,524
84773,2
35648,136
35968,21
22842,177
20981,256
22597,193
22292,119
21865,111
22799,90
21187,51
21630,36
84927D,17
90137,3
35915C,62
90092,1
84691,5
22174,331
22773,196
22972,241
20878,9
22217,85
84534B,14
21818,181
22030,278
84531B,31
72819,43
21749,143
85114a,15
17011A,1
84033,7
71101E,23
22749,469
22719,120
21448,85
21715,232
21121,392
22760,86
22222,222
21654,63
21870,171
84760S,10
22070,123
21064,107
22442,85
21735,97
21876,345
22133,133
21201,106
85017C,14
84228,29
22377,209
21253,63
16048,69
85042,2
90182C,10
84462,6
84664,1
35638A,5
23179,53
21175,826
21485,655
21587,32
85071A,115
47590A,394
90214O,5
22971,279
21400,72
82613c,4
90156,3
35922,11
85198,10
44089A,4
23053,166
85049D,116
22834,386
22956,209
37495,104
72807C,170
84920,51
22044,37
22564,193
22452,149
85131A,122
21640,85
22498,151
90042B,1
35809a,9
35923,65
84527,8
84715,4
85092,3
72140E,9
22619,455
82580,641
22664,165
21657,17
72807B,118
22599,125
51014L,153
84520B,82
62096A,9
22717,131
21948,156
22591,93
21307,13
90033,9
46776F,89
22888,21
20869,30
85019B,37
90063B,6
23005,251
21730,141
22473,114
22149,572
21137,385
22212,418
79066K,149
21164,287
21537,70
21846,104
84993B,19
35001W,7
20819,27
35933,22
44228,2
22323,2
21883,134
21844,169
22812,199
21257,270
21874,304
21688,58
22317,90
79191C,78
22035,143
84865,16
21414,3
79337,13
21650,140
84712B,20
22715,130
85068,2
22055,234
21199,80
21557,163
22180,170
90200A,50
22164,16
22928,119
85132A,114
20617,43
84609,22
18097C,75
22878,34
21675,112
84819,64
20801,85
21686,22
85230G,26
22303,273
79063D,13
35637C,9
46126A,9
90131,2
84875D,9
22838,184
21122,358
21744,132
21742,94
22244,171
85016,44
37509,4
22896,295
90199A,6
20941,23
85123a,67
85036B,55
90174,23
22522,135
22032,60
16169M,26
35909A,3
22994,227
90100,2
22662,706
85049E,423
22742,105
47563A,107
21069,89
22686,167
84976,40
22524,88
22426,217
22406,85
47566,1727
84247K,12
72800D,34
84827,18
84388,7
84247E,56
21592,231
22706,72
21586,71
22573,223
22444,66
47559B,295
22425,170
84659A,91
22676,213
22832,81
22385,702
35400,16
35914,44
22236,99
22201,90
90128A,2
22723,305
85049g,51
71510,8
78033,10
22318,145
21705,146
22153,141
21787,252
20854,45
22576,180
90195A,11
85185D,11
21261,45
21562,28
84751B,11
90123C,6
21777,10
21983,156
21464,109
20972,633
22515,88
79302M,64
21136,383
71477,356
72798C,4
84792,248
20983,287
22689,152
90205A,16
37479B,24
22486,28
84725,19
84613C,2
16014,54
22571,266
22497,102
21272,114
22559,83
84596e,6
90214L,37
84030e,44
35953,136
21277,24
20716,76
85130B,62
21491,2
85023B,15
23233,160
21282,1
90000A,8
21871,374
22637,358
22261,117
21609,80
82600,556
21207,134
21231,543
22165,148
35271S,3
20755,63
21725,50
22416,77
16169N,1
84968E,47
21431,1
90003D,17
90122A,15
90142D,4
90065A,5
84687,34
15056N,467
84754,65
21694,24
22182,126
85135C,71
85131D,206
22483,174
84849A,54
21692,10
22770,66
90130C,13
84989a,25
47570b,2
84818,108
21194,70
21009,2
17174,3
72799C,19
90124A,6
23002,205
22492,390
84906,15
22593,203
20774,49
17164B,10
85114C,78
22311,151
85226A,1
75013B,8
46115B,3
84595E,24
35610C,3
84661C,14
23185,33
20782,28
84899F,1
85132b,9
23318,391
23113,64
23236,356
35819P,8
90025E,1
90102,1
23343,501
23171,388
23250,118
23328,418
72811,8
23245,919
21610,1
23112,261
23111,155
23284,746
90037D,1
23080,271
23339,77
23065,102
90025F,4
84924F,3
85226C,1
23071,29
23043,23
23223,92
23252,148
84732D,2
23270,135
23272,44
23075,89
23088,79
23319,425
23189,143
23242,226
23090,155
37477B,1
23202,896
23291,200
23041,55
84761,1
23087,70
90030A,7
21765,1
16202B,3
23141,25
23100,267
23217,99
23218,40
23547,62
47591A,1
23132,158
23306,285
77079,2
23222,79
16162M,10
23332,302
84804B,7
90018C,10
23220,106
90083,9
23123,98
23221,154
84824,2
23015,23
23329,262
20964,2
23108,393
23106,54
23213,157
23335,100
23029,165
23092,145
23207,780
23140,53
20667,16
23125,38
23047,26
23219,64
84251J,1
PADS,4
23142,42
23228,127
22039,8
84984B,5
23287,204
23347,101
37477C,1
23205,480
78027,1
23224,73
23045,26
23286,225
23121,120
23333,250
23031,166
23316,112
20997,34
23273,117
84679,2
23064,34
90035C,1
23322,594
23337,69
23374,134
23001,1
90025B,1
23190,205
23247,320
23295,460
23444,81
90001B,3
21330,1
44242A,1
21373,48
90176D,5
90026A,1
62043B,8
23338,110
21432,1
84510e,1
23067,85
23019,28
23099,63
23012,256
23268,97
23302,241
85036a,1
23072,33
DCGS0068,1
23085,92
90025A,2
23042,29
23237,188
84857B,3
81953B,6
84864A,1
37471,4
23298,1179
23346,189
23203,1267
23244,117
90046,1
23360,119
23206,1084
23162,176
DCGS0004,1
23197,259
72807c,5
23311,351
23331,114
84963B,1
23264,318
23269,98
23296,389
23173,438
23084,1067
90048,1
23208,692
23149,23
23174,342
23073,63
23146,256
DCGS0066P,1
23101,219
90058A,8
85225,3
23238,293
81950B,11
23300,780
23321,657
90036A,4
84387A,2
23037,20
23057,55
23135,48
84805B,4
23271,107
23352,216
23143,16
23046,36
23549,52
23198,503
23267,112
23200,609
23119,154
90043,2
16169E,153
23160,79
23133,156
23170,458
23275,345
22950,190
23117,47
23161,99
23299,150
23323,309
90049,3
84857A,1
20901,17
23115,48
23144,278
21923,1
35966,5
23546,121
DCGS0071,1
23351,364
90209A,5
23138,88
23344,739
23545,85
72802a,2
23320,346
23373,100
23234,286
16151A,4
35638B,5
23152,166
90081B,1
23096,148
23263,492
84706F,10
44242B,3
23163,211
20823,10
23342,166
23229,261
23039,30
23069,33
23079,116
23265,319
23289,196
23038,8
23056,51
23226,100
23288,191
23139,30
90021,1
84660a,2
90036B,2
23035,198
23349,350
23239,195
23120,115
23315,87
23151,22
23033,75
90127A,1
20838,58
21825,1
16049,7
84873A,3
23204,594
23282,137
23301,937
23215,217
23285,193
84984D,4
46037A,1
20816,3
40018F,1
23060,44
21806,1
84596l,1
84746,10
22016,1
23307,659
23122,140
23017,23
23134,40
23103,386
23196,312
21858,1
20836,18
23216,45
23014,216
84797B,1
23309,435
23055,47
23028,143
62097B,4
23353,337
23091,223
90036C,5
23147,272
23281,104
47574B,3
84839,1
85060,1
22987,5
23283,236
84206C,2
23167,247
23036,17
23330,232
90141E,2
23131,122
23175,345
23172,315
23214,109
DCGS0073,1
21337,1
84415A,3
23169,353
23350,316
23199,1009
23137,23
90130A,6
23292,230
23290,217
23110,285
23308,394
84509g,2
23294,369
84731,2
23130,186
23016,25
23345,181
77081,1
16053,1
23436,116
23070,44
23124,43
23314,121
23201,930
23104,46
23168,361
82613a,1
23024,12
37491B,1
20827,3
37491C,1
37487B,3
23334,136
23082,313
23034,93
23114,48
23324,46
90024D,2
23153,91
37424,1
90067B,2
23107,73
23188,342
23116,24
23048,111
23341,122
20896,1
85034a,3
23210,211
84482,1
23212,198
84661a,1
23020,83
10123G,1
79161A,4
23574,17
23025,55
23018,21
23066,87
23040,43
23129,173
23253,72
23550,64
DCGS0067,1
23255,162
23240,567
23313,415
23548,43
90135A,1
23280,160
23235,115
23310,246
84402B,4
23026,67
90011C,2
20825,1
35594,1
23032,219
23023,28
23109,278
23086,49
23027,30
23340,153
23148,264
23191,295
81952B,10
23327,44
84984A,6
23266,343
23251,126
23359,80
84629,12
23118,278
23211,165
84705C,1
23274,126
23150,50
72024U,3
21854,1
23209,1135
23165,304
23438,111
23021,28
81952V,27
23297,167
23136,49
23192,359
23093,146
23227,119
23225,93
35818B,5
90181C,1
23241,379
23022,26
16043,3
90182A,8
84859B,12
90126C,1
47341B,11
23317,83
23068,139
90159,5
23094,81
23243,509
16244B,3
23312,220
20863,1
23059,1
23089,236
23044,28
21310,1
23013,228
23061,121
23145,172
23164,93
84732B,2
23102,162
23293,567
23081,143
23336,87
23249,89
23354,335
84016,2
23083,253
90149,4
84551,2
85115B,1
23459,21
23514,75
23479,45
23382,224
23565,65
23462,59
23595,2
23645,4
35598A,3
23535,221
23468,11
84661b,1
23371,192
23540,14
23303,6
23496,31
23368,241
23486,80
23529,37
23499,115
23521,44
23455,36
23395,226
23399,240
23610,3
23476,22
23507,129
85184c,2
46776b,1
23636,7
23434,202
23391,89
23356,502
23506,156
23469,74
23526,146
23457,32
23451,54
23401,86
35592T,1
23614,11
23638,2
23404,184
23413,61
84031b,1
23644,5
47593b,1
23412,81
23516,45
90065B,2
23660,46
23376,161
23427,119
23379,77
23393,242
20935,4
23582,269
23452,88
23484,36
23654,4
23466,28
23555,54
23608,3
23415,48
79323G,1
23326,77
23407,139
23493,433
B,3
23398,79
23478,13
23512,58
84031a,1
84201C,1
23646,5
23400,111
23630,3
84201B,2
46776e,1
84206A,3
23504,221
23541,154
23543,106
23475,31
23448,3
72783,2
23394,155
23619,2
23474,38
23416,25
23532,31
23628,1
23639,4
23471,28
23437,132
23536,86
23629,10
23378,188
90184c,1
23355,813
90176E,3
15060b,3
23607,7
23390,171
23515,72
23372,154
23509,68
23406,116
23380,125
23522,32
23530,88
79341,1
23531,114
23643,1
23357,105
23494,219
79323LP,1
35597D,4
23375,105
23528,50
23458,34
23519,24
23518,46
23571,268
23439,425
23431,80
23435,100
23470,92
23633,3
46776a,1
35598C,3
23517,63
23489,165
23523,42
23418,80
23626,16
23388,157
23567,39
23570,293
23500,107
23396,209
46776f,1
47016,1
23661,38
23460,47
35600A,1
23558,55
23537,34
23501,116
23432,76
CRUK,16
23454,60
23074,50
23402,69
23392,119
23420,33
23551,141
23465,16
23367,290
23365,175
23510,126
23456,37
23423,69
23511,102
23601,4
23556,57
79323GR,1
23422,47
23467,11
23612,2
23425,59
23421,34
23369,129
23491,80
23304,9
23583,339
51014c,1
23426,211
23503,347
23553,69
23453,51
23623,6
23613,6
90020,1
79323S,1
23620,7
23634,5
23611,16
23524,64
23525,55
23487,50
90183c,1
23534,264
23482,39
23463,8
23691,38
23625,4
23624,4
23632,10
23370,159
23637,9
23502,95
23483,80
23603,14
79157V,3
23411,58
23417,28
23490,103
23485,96
23447,4
23445,104
23389,245
20678,1
23473,52
23559,127
23544,21
23681,134
23640,8
23058,48
23492,28
23358,92
23508,133
23461,108
23604,2
23325,38
23538,33
23505,122
23566,85
23557,32
23569,203
23397,223
23464,8
23554,59
23497,203
90189A,2
23414,65
23472,34
23635,3
23403,139
23305,9
23381,83
23533,36
23481,32
90052,2
23542,92
23405,74
23579,40
23419,88
23446,3
79157B,2
23615,4
23480,223
35816P,2
23527,51
23605,1
23564,76
23568,49
23513,71
23477,13
23408,62
23366,199
23650,4
90069,1
23377,138
23409,45
23520,33
23702,4
23495,41
23433,92
23581,355
23539,42
79342B,1
23410,19
23424,137
23843,2
17191A,2
23560,27
23602,1
90214U,1
23580,26
23597,34
84971L,1
85049c,1
23621,4
84550,1
72802c,1
23576,38
23694,41
23552,124
23627,2
23609,1
85179a,1
23429,23
90162A,1
23692,2
23616,7
47591b,1
23442,10
85034b,1
23664,1
23498,106
23697,36
23430,18
23575,34
23652,1
84206B,1
23428,34
23449,1
23440,5
90179B,3
23441,3
23598,48
23617,1
23578,14
84971l,1
23695,59
23649,2
23562,45
23561,16
