StockCode,total_sales
22197,56450
84077,53847
85099B,47363
85123A,38830
84879,36221
21212,36039
23084,30646
22492,26437
22616,26315
21977,24753
22178,23854
17003,23053
15036,22552
21915,22066
22386,21009
23203,20013
20725,18979
84946,18911
22086,18902
84991,18040
47566,18022
22355,18003
22469,17791
20724,17548
84755,16380
22693,16172
22961,16081
85099F,16035
22952,15767
21213,15128
21790,14443
22151,14260
22629,14206
23199,14197
84568,13882
21731,13823
84826,13645
85099C,13641
71459,13476
16014,13328
21931,13320
23209,13249
84992,13230
20719,13198
21080,13195
22423,12980
20668,12979
23201,12785
22993,12604
21181,12576
22383,12405
22969,12392
84978,12337
22998,12313
21975,12269
22411,12248
23206,12124
20727,12112
23310,12050
23307,11975
21137,11616
20728,11603
22630,11518
21232,11470
22659,11201
23202,10820
21929,10785
21326,10562
21498,10501
84945,10454
22384,10363
23077,10355
79321,10343
84212,10315
22382,10305
22910,10253
22577,10209
21928,10205
21175,10177
21166,10153
23344,10044
20726,9852
22470,9830
20723,9723
22489,9719
22610,9608
20712,9533
22356,9455
22699,9441
21703,9303
22578,9279
20713,9159
22077,9149
22457,9120
84970S,8880
22988,8878
21985,8803
82482,8773
21094,8758
22909,8728
23301,8711
84947,8674
22558,8647
21497,8600
23232,8575
22385,8566
23298,8534
22326,8519
22741,8496
22960,8470
23293,8454
20971,8384
22417,8380
22865,8366
21787,8350
22189,8283
23309,8244
85152,8194
22029,8173
22560,8167
22666,8146
23343,8110
21891,8079
23076,8072
22551,8053
23230,7926
84692,7884
22467,7877
21791,7854
21914,7843
21733,7825
23204,7790
22554,7784
22791,7780
22727,7741
21982,7611
22090,7516
23207,7403
22951,7398
22966,7379
20972,7338
84988,7299
22720,7286
23231,7277
82583,7240
16161P,7201
22697,7161
21086,7137
21108,7103
23200,7037
75049L,6886
21918,6851
22379,6846
23078,6783
22065,6741
21499,6727
22662,6707
23300,6675
22771,6605
22595,6577
21980,6555
21121,6538
22907,6535
22045,6477
22866,6465
21930,6447
20974,6417
22418,6392
22726,6384
21889,6377
POST,6353
21500,6350
20975,6316
82494L,6308
22867,6292
84378,6278
37413,6271
23208,6269
23245,6267
20914,6265
22328,6189
22585,6188
23170,6151
23308,6151
23171,6150
23295,6127
22621,6099
84970L,6053
22556,6052
22440,6024
22555,6002
82484,5996
72741,5953
22722,5928
22609,5910
84836,5909
21231,5906
22112,5898
22740,5835
21495,5775
21810,5751
23355,5745
84380,5730
16156S,5690
23205,5668
22698,5626
22561,5612
82580,5593
22114,5591
71477,5536
82600,5521
21210,5502
22294,5500
21981,5475
22149,5449
21668,5444
22728,5323
23167,5322
21122,5282
21967,5275
22147,5273
23284,5264
22608,5240
22704,5228
22759,5207
15034,5206
21669,5205
22661,5201
21976,5201
23233,5150
21704,5139
22983,5121
84997D,5076
22161,5064
84596B,5062
20676,5054
23144,5045
22579,5031
22084,5019
23286,4999
22652,4971
21672,4963
23296,4954
21506,4946
16237,4934
22030,4916
23581,4913
22620,4885
22950,4885
22138,4880
22188,4870
23285,4805
22633,4788
22996,4787
35970,4780
21871,4769
22834,4767
20718,4741
22900,4703
23321,4698
22557,4694
23582,4694
23243,4688
20711,4668
22338,4662
84029E,4660
79000,4638
22536,4624
22083,4602
21811,4593
21916,4576
22139,4559
23288,4544
84949,4538
22111,4537
22992,4520
20973,4518
22534,4494
21479,4486
22544,4478
22959,4451
22710,4451
20992,4451
21829,4448
22712,4438
21136,4428
62018,4415
22333,4412
23294,4407
22908,4382
22632,4366
21877,4366
22970,4351
22041,4336
21169,4336
16045,4333
84375,4309
21673,4279
23297,4277
21671,4269
22053,4243
22027,4224
82582,4218
22553,4209
21670,4188
84997B,4180
21174,4175
22297,4171
85150,4152
21917,4143
22646,4139
23240,4136
16169E,4125
21314,4113
22986,4080
22348,4074
21165,4070
21986,4067
23103,4052
16161U,4050
22144,4038
17084R,4032
20685,4027
23439,4027
22816,4023
22979,4006
23378,4003
23353,3992
22037,3977
22087,3972
21124,3966
23493,3964
22491,3947
21936,3931
21559,3926
20984,3920
21238,3918
21390,3903
15056N,3897
21385,3887
22772,3866
82581,3862
21394,3851
23263,3846
47556B,3831
48187,3826
21154,3823
16218,3821
22962,3818
51014A,3818
22985,3782
23172,3769
23182,3763
22413,3759
21876,3754
48138,3750
21908,3747
22154,3742
21509,3741
84596F,3732
22367,3722
23354,3683
23275,3672
20677,3671
22631,3651
23503,3644
23318,3643
23319,3623
84950,3621
22530,3607
40016,3596
84029G,3589
20979,3579
22219,3562
22818,3561
35953,3558
23166,3539
21240,3537
23192,3530
21485,3513
22713,3493
22596,3477
22714,3475
21098,3459
23188,3459
23215,3447
23351,3443
23326,3443
48194,3418
22381,3414
21984,3413
22663,3409
22047,3400
21935,3392
21172,3388
23583,3385
22531,3384
22734,3369
21242,3341
22419,3341
16216,3333
22944,3320
22158,3318
72232,3317
21507,3308
22464,3305
21313,3305
23198,3282
23546,3275
23367,3269
21623,3268
22766,3244
21523,3241
22174,3239
23168,3238
21900,3230
21481,3226
22716,3213
23349,3207
22113,3204
20996,3194
22549,3189
21892,3183
22142,3183
21519,3183
22963,3176
22991,3175
M,3164
22488,3161
22775,3159
22296,3155
23000,3132
21156,3132
20675,3109
84536A,3106
16235,3103
22243,3088
22835,3080
22352,3077
22273,3067
21746,3060
18007,3050
22466,3049
23175,3042
84987,3038
84997C,3037
23376,3027
22150,3019
82552,3016
23165,3016
47591D,3008
16219,3000
21430,2999
35961,2998
22614,2997
21239,2997
85049A,2993
22028,2992
23313,2984
23322,2982
23174,2969
21874,2959
22999,2957
22507,2953
84050,2924
84832,2923
22539,2921
21155,2919
22568,2916
48185,2886
23507,2884
22711,2877
23571,2859
22915,2858
85049E,2851
22437,2840
22730,2840
47503A,2838
23328,2837
20717,2835
22563,2830
22196,2824
82551,2804
21395,2796
22295,2795
22989,2791
22570,2788
22597,2788
23157,2782
23570,2782
22141,2780
22667,2778
10133,2775
22708,2775
21754,2760
79063D,2750
22303,2748
23506,2747
23306,2745
20983,2739
22851,2736
22792,2724
23173,2718
22984,2717
15056BL,2714
22804,2710
70006,2703
23210,2702
23350,2697
22082,2693
21932,2691
22573,2689
23154,2671
23445,2668
21933,2663
23320,2655
22637,2646
21899,2643
85199S,2643
22815,2640
22817,2639
23508,2629
22855,2628
23346,2626
22964,2614
21818,2610
22819,2608
22421,2596
21833,2586
21084,2586
22153,2583
23158,2575
21078,2573
22619,2566
84997A,2560
23497,2549
22460,2540
21650,2526
37340,2523
23510,2522
22540,2518
22997,2517
23177,2515
23340,2512
21878,2511
23121,2506
51014C,2505
85175,2503
17096,2497
22398,2492
22569,2487
23545,2480
21508,2478
85212,2476
23236,2476
21819,2459
22601,2458
21535,2453
47599A,2450
23345,2448
23374,2440
22567,2430
17021,2427
23290,2427
22898,2426
21868,2418
22971,2415
21989,2412
21934,2411
21035,2403
22978,2390
22335,2386
21218,2384
22339,2377
23356,2377
23368,2376
22749,2375
23311,2375
22813,2372
21803,2372
22024,2368
22645,2347
22995,2340
23089,2340
22227,2339
22155,2336
22571,2332
21621,2331
21988,2321
22435,2320
22173,2320
22892,2320
22584,2318
22302,2318
23380,2308
22938,2307
23211,2307
23082,2305
23109,2305
22729,2302
22378,2287
22980,2285
21907,2283
21243,2277
21983,2277
23334,2271
22564,2265
22774,2262
23366,2253
22066,2250
23122,2250
23119,2247
47590B,2244
23212,2240
23187,2239
23032,2236
21244,2234
10135,2230
85178,2230
22152,2225
21642,2216
22046,2216
22644,2215
23191,2215
22301,2204
23159,2197
21090,2193
82483,2190
22493,2190
85015,2182
22602,2177
23241,2177
22336,2175
23100,2168
21380,2167
22994,2167
22651,2166
21592,2162
23292,2161
23247,2160
23108,2157
20982,2152
22574,2144
22814,2141
23035,2136
22436,2135
21558,2134
23148,2131
22668,2130
22945,2127
21802,2124
23176,2122
22593,2121
21216,2117
21974,2113
22748,2108
22094,2107
22546,2103
21987,2100
23333,2098
72351B,2095
23434,2095
22156,2093
46000S,2092
22499,2087
22773,2087
17091J,2084
82486,2080
23332,2074
23145,2073
22899,2066
15039,2065
22615,2063
48188,2060
22738,2059
22895,2057
22431,2054
84536B,2054
21484,2053
23266,2052
82578,2048
22427,2042
48184,2041
22131,2038
23101,2037
22465,2033
22706,2032
21755,2030
21875,2027
23256,2027
23280,2022
23002,2017
22745,2016
22750,2014
22594,2005
47593B,1987
51014L,1987
22091,1984
23155,1980
22195,1978
21544,1975
22241,1974
23186,1970
47590A,1968
21902,1966
47559B,1966
23264,1965
23436,1964
22343,1959
20981,1957
21749,1955
22754,1953
23437,1937
22725,1934
23504,1934
22917,1932
21494,1932
21993,1931
22599,1929
21992,1926
23234,1925
22148,1924
23399,1922
22098,1919
21034,1918
85014B,1913
71053,1911
22548,1911
23193,1910
22624,1907
22956,1903
22920,1900
21809,1898
22940,1896
22916,1896
22805,1891
21880,1891
23090,1891
22266,1888
22705,1883
22537,1883
22079,1881
22670,1878
22268,1875
23196,1875
22502,1873
23083,1870
23552,1864
22918,1862
35471D,1860
23365,1859
22171,1858
23229,1858
23382,1858
21403,1857
21179,1856
21845,1855
23147,1855
23550,1855
21786,1853
22653,1847
23238,1846
23551,1843
23287,1840
21399,1839
22331,1838
22439,1836
22904,1836
21504,1835
21844,1828
23004,1827
22739,1825
21901,1824
22093,1823
23438,1823
23501,1823
22893,1809
22025,1805
23194,1802
22088,1799
23330,1798
22694,1794
21912,1792
23352,1791
21287,1790
21824,1790
21381,1790
22075,1788
84971S,1785
20978,1783
47504K,1783
23480,1781
84596G,1780
23163,1777
23329,1775
16011,1773
23265,1769
22059,1766
85061W,1766
22972,1764
20749,1762
21164,1762
22798,1754
22957,1752
85066,1751
21524,1751
22919,1745
22533,1743
48173C,1743
22130,1742
20750,1742
22906,1739
84929,1738
23271,1734
72818,1733
23327,1726
22535,1718
23371,1712
22402,1711
22921,1709
DOT,1707
22432,1707
23161,1703
20679,1701
23190,1700
22064,1699
23254,1690
22755,1690
23006,1686
22128,1682
22244,1680
20969,1673
85053,1673
22600,1672
23213,1671
21990,1667
22752,1666
21088,1666
22456,1663
85184C,1656
22271,1655
23251,1655
21883,1652
23156,1648
22732,1645
22026,1644
23120,1644
23498,1644
23135,1642
22095,1641
21714,1637
23227,1636
21770,1635
22718,1633
23500,1631
21843,1628
23291,1625
21888,1622
22941,1621
21429,1619
22690,1617
22625,1612
22109,1610
23289,1610
23373,1608
85049G,1601
22097,1600
46000M,1600
21068,1596
23331,1596
21937,1593
84508A,1591
22212,1591
22974,1587
22329,1587
22733,1583
22508,1577
23681,1577
82001S,1575
23547,1575
22896,1574
20674,1570
22581,1569
22751,1564
22264,1563
23370,1554
22115,1549
21422,1548
22478,1543
22715,1543
22812,1542
22300,1530
21873,1530
22613,1528
22692,1526
17038,1525
21398,1523
22779,1515
21033,1515
20754,1514
22185,1510
23381,1509
23302,1508
21531,1507
22117,1504
84030E,1503
22576,1503
22208,1502
21588,1496
21718,1493
85227,1488
21294,1483
22948,1481
21015,1481
23221,1479
22665,1478
85062,1470
23323,1470
23348,1469
22501,1467
23197,1467
21162,1465
48116,1462
20977,1462
16048,1461
22672,1460
22505,1456
23160,1456
22543,1455
21158,1450
37342,1449
23242,1449
22089,1448
22746,1439
21705,1439
16236,1438
23431,1438
22099,1437
21716,1433
11001,1430
47599B,1428
23312,1423
84406B,1422
22562,1421
22350,1412
23162,1412
37448,1411
85132C,1406
22340,1399
22400,1399
16238,1398
21563,1395
22433,1391
22074,1391
16008,1382
21167,1382
23534,1381
22654,1379
22193,1379
22603,1376
23372,1375
22477,1373
22096,1367
22702,1363
21870,1363
22035,1360
21112,1359
22055,1359
21114,1356
22349,1355
37327,1355
79163,1353
23375,1351
22737,1349
23228,1348
23377,1346
21328,1342
22444,1341
22274,1340
22319,1340
20963,1338
22674,1337
22965,1335
22420,1334
21715,1330
21533,1329
22622,1329
23535,1328
22607,1327
22299,1327
22709,1325
22780,1321
22377,1321
23028,1319
22943,1318
85048,1318
23483,1318
23499,1315
22922,1311
22403,1311
22897,1310
23217,1309
23549,1305
85111,1304
23029,1304
85071B,1299
10125,1296
21014,1295
22291,1293
37446,1292
21206,1288
85230B,1288
23102,1288
21823,1283
21872,1280
22380,1280
21561,1280
23281,1280
72351A,1278
23432,1278
23031,1276
21788,1275
35923,1275
22422,1274
16016,1273
22902,1272
23225,1272
23426,1271
17084N,1264
22187,1262
22076,1260
22207,1259
21096,1259
84818,1259
22707,1257
22580,1256
21069,1255
22604,1253
84535B,1253
23189,1248
16012,1244
22429,1239
22973,1239
23543,1237
23169,1236
84596L,1234
21955,1230
22717,1229
22344,1228
20682,1225
22809,1224
21402,1222
22396,1220
22736,1220
23379,1220
85049C,1217
22675,1216
21830,1212
23086,1212
23433,1211
23505,1207
22023,1206
21209,1205
22975,1203
22784,1201
84510A,1200
20832,1200
23226,1199
22758,1197
20829,1195
22129,1194
22795,1192
22955,1192
22923,1190
37370,1190
22043,1189
23360,1187
20961,1185
22078,1184
21801,1182
23274,1180
21879,1178
22859,1177
23691,1175
48111,1174
21428,1173
23134,1173
22676,1172
22821,1171
22110,1171
21773,1170
85194S,1168
21012,1168
20985,1167
22723,1167
21884,1166
22169,1166
22327,1165
72817,1164
22731,1158
85014A,1158
22306,1157
22550,1157
23267,1154
22776,1152
22967,1151
21903,1149
21058,1145
84012,1145
22545,1142
21679,1140
21382,1140
22479,1139
22292,1139
22982,1131
20828,1130
21163,1130
22311,1130
22399,1128
22700,1128
85035C,1128
22050,1125
21123,1121
23389,1120
22858,1119
21200,1119
21260,1118
21135,1118
21259,1117
21389,1115
20970,1114
22101,1114
85034C,1113
22245,1111
22857,1111
22191,1108
21070,1107
23369,1105
21641,1104
21881,1102
22286,1102
22345,1102
23126,1098
22757,1096
21774,1094
85078,1092
21215,1089
21159,1087
22371,1086
21217,1080
84828,1079
21245,1078
22669,1078
23548,1075
22532,1072
21207,1068
23080,1068
23012,1066
21584,1065
85038,1065
23509,1065
23530,1062
22572,1058
16054,1058
23250,1058
21591,1057
22222,1057
22976,1054
21401,1052
22494,1049
22582,1049
22170,1049
22441,1048
22837,1048
23096,1047
21564,1039
10002,1037
22346,1037
23237,1037
22230,1032
23132,1030
23061,1030
22132,1026
23404,1023
22438,1022
22721,1022
22262,1022
21439,1022
22210,1019
21397,1018
22930,1013
79062D,1012
22753,1011
22801,1011
22332,1009
22677,1007
23299,1007
21890,1006
23255,1006
23283,1004
22228,999
47421,999
21383,996
85183B,996
23526,996
22686,995
23359,993
84926E,992
22598,988
20801,987
23034,985
85230G,984
21654,983
85131A,983
22924,982
23220,982
21556,980
79030G,980
23531,979
22844,978
21192,977
84032A,977
47504H,974
20751,967
23273,965
22671,962
22937,961
22342,961
22211,961
16033,960
23569,959
21198,957
22949,954
21110,953
23130,953
22747,951
22049,950
21340,950
22977,950
22048,950
85034B,949
23129,949
79191C,947
22628,945
21329,944
21291,943
22284,941
22249,940
21896,940
22209,938
22179,938
22820,938
23093,938
20733,936
84821,935
21832,935
21745,934
22080,934
22565,934
22269,933
22231,931
85213,930
23123,930
22743,928
23244,927
35095A,925
22192,924
22623,924
23131,924
85204,923
85194L,920
23013,919
22315,918
21041,918
84006,918
21199,918
85176,917
22321,916
22360,914
84817,914
23489,913
22337,912
85116,911
21071,908
21789,908
22293,907
22810,906
22258,905
21107,904
21208,904
85206A,903
22102,902
21224,902
21111,901
21922,900
35648,900
21636,897
85203,896
22840,896
22134,890
23541,890
21109,889
85071A,889
84509A,887
21619,884
21211,884
48129,881
21400,881
22587,880
22811,880
22566,879
23566,879
22175,877
85230E,875
22412,875
22476,874
22198,873
84032B,873
85040A,873
23138,872
22285,871
21680,868
21292,867
85017B,866
21615,866
21327,864
22744,862
35095B,862
22416,862
22800,861
23184,861
22789,859
22650,858
85231B,857
22678,854
22529,853
23087,853
23461,853
22847,852
21658,851
21447,850
85131D,850
85049H,849
21201,849
23014,849
22424,847
85032D,845
84944,845
21539,845
22627,841
85230A,840
20803,837
22267,836
22072,836
85130B,834
84660A,833
22279,833
70007,833
22768,832
72816,832
22224,831
47518F,827
23435,827
22680,826
23347,826
79051A,825
22807,825
23239,825
23388,825
21817,824
21677,823
21616,822
21756,821
47021G,818
22250,817
22133,816
16225,815
22931,815
21947,813
23068,813
85177,812
23282,812
21864,809
22322,808
22547,807
21634,807
84819,807
85039B,806
22639,806
84792,805
37447,803
21949,801
21354,801
85169A,800
23249,799
85032B,798
84535A,798
22186,795
22522,795
23088,795
23214,794
22365,791
23223,791
85032A,790
21452,789
22845,789
21411,787
35964,786
23393,786
22287,784
22933,784
22673,782
23133,781
22434,780
21713,779
22586,778
22103,778
22366,776
23222,775
22605,774
21626,773
22483,773
79066K,771
15056P,768
22304,767
23695,765
22932,764
22523,764
72802C,763
23118,763
22649,761
21905,761
22163,760
22487,760
22100,757
21609,756
22968,753
22679,752
23146,751
21866,750
23390,750
22354,749
47480,748
23494,748
22735,746
22947,745
22695,741
22767,739
22696,737
21822,737
22778,736
21386,733
22307,731
84459B,731
72349B,731
23395,728
22040,725
22634,725
23235,725
21249,724
22854,724
23127,724
23224,724
22647,721
21684,721
22361,721
23033,720
22426,719
20846,717
22681,716
21530,716
85199L,714
23502,714
21577,713
84926D,709
84660B,709
85093,708
21391,708
22334,707
22831,706
21882,706
85039A,705
22863,701
22664,701
20802,700
22051,700
16161G,700
22251,698
44234,696
22358,692
22305,692
21066,691
79190B,691
85107,690
35598D,683
85071C,683
22452,682
21578,681
37450,681
22688,680
21586,679
23473,679
22682,678
82613D,677
22190,676
85202,676
21116,674
85032C,673
22092,672
22247,670
22310,668
22689,668
21355,667
85183A,665
21195,662
21640,662
22316,660
16169M,660
21125,658
23396,658
22254,657
20986,657
84459A,657
72586,657
22592,656
22062,655
23052,653
22070,653
47422,652
23559,652
22683,651
23110,651
85114A,649
22217,645
22081,644
22252,644
23564,644
15044D,643
21356,643
23392,643
35924,641
85094,641
84660C,641
21948,641
22742,641
82567,640
22846,639
21471,637
23529,637
84596J,635
79337,631
22255,629
23568,629
90057,628
22232,626
85131B,623
21991,623
22312,623
23403,623
22520,622
21675,622
23536,622
35646,619
22935,618
21318,617
85186A,615
85174,614
22430,610
21463,609
23398,609
22480,607
72598,607
21648,606
84926A,604
47567B,601
21455,599
22756,599
21059,599
22635,598
22685,593
21126,593
21927,592
21257,590
22687,588
22216,588
17129F,586
22934,586
22524,586
22063,584
85035B,584
85159B,584
22860,583
22905,582
22261,581
23515,579
23164,577
23525,577
90058B,576
22233,576
22044,576
22248,574
23252,574
22107,573
35954,573
22781,573
85054,573
21454,573
22583,572
22842,571
23091,571
22314,569
23553,569
22135,568
23511,568
22636,567
22061,567
23124,567
22229,566
21115,566
85130D,565
21065,564
21906,564
22242,563
22116,563
21191,562
40001,562
23513,560
35598B,558
23418,558
21894,557
22364,557
23358,557
35810A,556
22838,556
79063C,555
22374,551
21557,551
22260,548
22085,548
23048,548
35004B,547
21289,547
16049,547
23490,545
23026,543
21813,542
72800E,541
22265,540
44235,539
22481,539
21062,539
22057,536
22926,534
22942,533
22701,533
22684,530
21643,529
21794,529
21617,528
21063,528
23152,528
85019B,527
20966,526
23216,525
85016,522
22485,520
22521,520
22856,518
22841,518
82613C,518
22068,518
22626,517
84509G,517
23452,517
85114C,516
23092,515
37449,514
22468,514
22120,514
23112,514
84519A,512
21775,512
22990,512
21039,511
84827,511
21744,510
22123,509
85186C,508
22393,508
84969,507
22559,507
17013D,506
22473,505
22541,504
21730,504
22575,503
22953,502
21520,502
21503,501
23512,501
22052,500
21373,500
23542,500
21204,499
84313C,497
85180A,497
23050,496
20839,495
10080,495
84849D,493
82613B,493
23007,493
84520B,493
22031,492
20840,491
23058,490
21194,489
21061,488
84422,488
85132B,487
47574A,486
72803A,486
35967,485
22176,484
85130C,483
22259,481
23528,479
23081,478
21306,476
85114B,476
21898,476
16156L,475
85231G,475
22038,475
22445,475
22288,475
21202,475
23524,475
85173,474
23397,474
21747,473
23419,473
22181,472
84519B,472
23514,472
16258A,471
22280,469
22853,466
22981,466
22783,465
23424,465
84341B,464
22357,464
20707,463
16052,463
17012D,463
15044A,463
22914,463
17012F,462
22199,460
75178,459
23125,459
20868,458
22458,458
22911,458
84625A,458
22939,458
23401,456
23697,456
22425,455
22318,455
22341,453
23049,453
17012B,453
23357,453
84951A,452
21258,452
84951B,451
22588,451
47469,449
21219,448
85132A,448
23406,448
85170D,446
84763,446
72799E,446
23128,446
35971,445
22071,444
21043,444
23325,444
22843,443
21897,443
79302M,443
23075,443
75131,442
22223,441
23400,441
21442,440
79160,439
35651,439
22446,439
23394,438
23556,438
85034A,437
21311,437
22839,433
22822,432
84976,432
22525,431
22453,431
21421,430
23219,430
23008,428
23598,428
22032,427
20886,425
23338,425
84356,424
22925,424
23555,424
23554,424
17084P,423
85049D,423
21441,421
22246,419
22471,419
20665,418
23558,418
23482,418
84596E,417
85169C,417
22277,417
22946,416
22069,416
16168M,415
85019A,414
22165,414
23527,414
85159A,413
37482P,413
23521,413
22482,412
21666,412
21358,412
21846,412
84031A,411
21625,411
47310M,410
21724,408
35809A,408
21171,408
72760B,408
17136A,407
51008,407
21446,407
15060B,407
18097C,407
84926F,406
22067,406
21051,405
21060,405
23565,405
23314,404
85071D,403
85059,403
22538,403
35965,403
23139,403
22203,402
21723,401
22278,400
21926,400
21700,400
21527,399
17012C,399
72225C,398
84569D,398
21925,397
84559A,397
21913,395
22519,394
22891,394
22200,394
23022,392
37495,391
84580,390
22591,390
23391,390
23268,388
71038,385
22852,385
79190A,381
22362,381
21812,380
84078A,380
22589,379
84279B,379
23218,379
21470,378
47580,378
37500,377
23694,376
21807,374
23342,374
22257,373
22405,373
16015,373
20838,373
22927,372
21717,371
22182,371
22309,370
22691,369
21555,369
84625C,368
21284,368
23085,368
81952V,367
23335,366
35819B,365
51020A,364
22660,364
84997b,364
23053,364
23272,364
23324,364
21534,363
21365,363
23051,363
22890,362
20752,362
22449,361
21644,361
22703,360
23107,359
21945,358
84247G,357
21272,357
23518,356
21189,355
22136,355
22375,354
22363,354
23522,354
23523,354
21867,353
21618,350
22119,350
85169D,350
23557,350
23046,349
22913,348
21220,348
71101E,348
21706,347
21352,346
22021,345
21719,345
22406,345
84279P,344
20658,344
23025,344
84993A,343
22215,341
21285,341
17091A,340
35911A,339
21417,339
21944,337
85187,337
84558A,336
22518,336
85170C,335
82616B,335
22105,334
22498,334
23517,334
21972,333
21828,333
23538,332
22719,331
85025B,330
21262,330
23412,330
21042,329
85169B,329
23469,328
21792,327
22808,327
21188,326
23178,325
72122,325
22475,324
23179,324
21562,324
23453,324
23415,323
85087,322
20716,322
23185,322
22794,321
82616C,321
22472,321
22183,320
84997d,319
85188A,316
22313,315
85215,314
20615,313
84968C,313
23010,313
22777,312
21288,312
23474,312
15044C,311
22849,310
21143,309
22514,309
21448,309
84806B,308
23341,308
20755,307
21694,307
22121,305
22894,305
77101A,305
22861,305
85039C,304
21466,304
21374,304
35915C,302
21424,301
21064,301
21725,301
84884A,300
84880,300
22848,300
22180,300
22638,299
21973,298
84659A,298
22283,297
23067,297
23516,297
23402,297
23054,296
21698,296
23408,296
23027,295
84927F,294
15030,293
15044B,293
47471,292
84228,292
85123a,292
22256,291
85230F,290
21695,290
C2,290
23660,290
84663A,289
21469,288
22104,288
23111,288
90058A,288
21408,287
21371,287
21518,287
22033,287
22317,287
21693,286
22324,286
23475,286
22442,285
23478,285
20931,284
72802B,284
84997c,284
23023,284
84031B,283
84051,282
22928,282
47563A,282
22372,281
22912,281
22414,280
20669,279
23106,279
22263,278
23444,278
23451,278
22495,277
21264,277
84569A,276
21942,275
21187,274
22474,273
21286,273
21683,272
85180B,271
84796B,271
21407,270
84251G,270
22515,270
21222,269
22642,269
22760,269
22073,268
22390,268
23425,268
35818P,266
21785,265
84849B,265
22606,265
79190D,265
82494l,264
21635,264
21793,264
47585A,264
21197,263
23009,263
22236,263
23407,263
20619,262
21467,262
22454,262
23486,262
21221,261
22806,260
23065,260
23153,259
21067,258
21026,258
84820,257
85088,257
21676,257
84968A,257
21739,256
23253,256
22376,255
22500,253
20767,253
23024,253
23040,253
23405,253
23562,253
21576,252
35912B,252
21426,252
22496,250
22308,250
22511,250
22428,250
23316,250
85185B,249
23060,249
85049F,248
20866,248
23041,248
23539,247
20772,246
22785,245
23066,245
23597,245
85049a,244
84691,244
23074,244
23485,244
22157,243
22504,242
22782,241
22643,240
21581,240
21464,240
21821,239
71270,239
23079,239
22389,238
84970s,238
22640,238
22270,237
21106,237
21465,237
22325,237
22410,237
21726,237
17012A,237
85025C,235
20652,235
21804,235
35968,235
85214,234
21865,234
23427,234
22167,233
21205,233
20956,232
22118,232
46118,232
22106,228
84912A,228
23481,228
84876B,227
23491,227
47481,226
21089,226
23336,226
23411,226
17084J,225
22611,225
72819,225
22039,225
23495,225
22276,224
22829,224
23519,224
21415,223
84086C,222
84858C,222
35915B,220
23470,220
47578A,219
72130,219
23183,218
35599B,217
84912B,217
84509B,217
84915,217
85232D,217
21638,216
20831,216
23533,215
22788,214
85170B,214
85035A,214
23423,214
21445,213
23422,213
21363,212
20704,212
21624,212
23072,212
21743,211
22510,211
81952B,211
15058C,210
22220,210
46776F,210
35914,210
23532,210
23567,210
22451,209
82599,209
85129D,208
22516,208
22799,208
22497,208
23409,208
22409,207
22936,207
23455,207
22517,206
23476,205
21528,204
22166,204
35819P,203
47420,202
22763,202
85208,202
22042,202
85064,201
22954,201
35599D,201
84970l,201
22448,201
23315,201
17084A,200
22060,200
21656,200
35933,200
23001,200
47566b,199
78124,199
35001G,199
23661,199
84913A,198
21462,198
21537,198
23576,198
21651,197
23181,197
20655,197
84913B,196
23037,196
22509,195
21721,195
79164,195
21742,195
20932,194
22450,194
20616,194
85024B,193
85179A,193
72128,193
85131C,193
22214,193
10120,193
22903,193
23039,193
22204,192
21587,192
22201,192
84916,191
21708,190
21246,190
84674,190
20967,190
85200,189
90209C,189
21028,187
21261,187
21248,186
21808,186
84789,186
90209B,186
22359,186
20622,186
84683,186
15058A,185
20770,185
23036,185
23484,185
85144,184
21379,184
22459,183
84952B,183
35653,183
21251,182
85127,182
21458,182
21056,182
79144B,181
21580,181
22320,180
21613,180
21095,180
22461,180
20869,180
23337,180
84673B,179
23579,179
23575,179
23071,178
20768,177
84931B,177
23056,177
23454,177
90200D,176
84795B,176
16169K,175
21147,175
21849,175
20686,175
23339,175
21025,174
21055,174
20998,174
23317,174
84251B,173
22889,173
23560,173
75011,172
84754,172
84843,171
21367,171
17107D,171
21456,170
35637A,170
23140,170
23020,170
23561,170
20777,169
22796,169
21631,169
21263,169
21579,168
23520,168
20757,167
90114,167
21682,167
84247E,167
17014A,166
47594B,166
84813,165
21145,165
23413,165
23420,165
21368,164
84849A,164
23440,164
21319,163
71495B,163
84800L,163
23544,163
84923,162
15058B,162
22394,162
85114c,162
23421,162
46776B,161
21707,160
23070,160
72349b,159
20659,159
22391,158
20836,158
23447,158
84968F,157
23446,157
84748,156
84968D,156
22443,156
23456,156
46776A,155
22832,155
21841,154
21316,154
21027,153
22762,153
79144C,153
22513,153
22108,152
20654,152
22289,152
22395,152
20735,152
22162,151
22124,150
85095,150
23094,150
23540,150
20734,149
35004C,148
21468,148
22282,148
20618,148
21348,148
20854,148
21741,147
79191B,147
35810B,147
23150,147
22408,146
20702,146
85211,146
84581,146
23417,146
20764,144
72800B,144
40003,144
79406,144
47343A,143
47503H,143
51020B,143
23073,143
20705,142
21378,142
22862,142
23064,142
21030,141
21851,141
20837,141
85036A,140
72127,140
84199,139
35815P,139
22641,139
71406C,138
22447,137
84806A,137
72780,137
72131,137
23414,137
84247L,136
84452,135
20830,135
72801C,135
84931A,135
84531B,135
21253,135
23136,135
84510C,134
47591d,134
21709,133
37467,133
71143,133
22281,132
85040B,132
22830,132
72800C,132
23416,132
21265,131
84875B,131
84509C,131
37468,130
90214A,130
84859A,129
22221,129
23099,129
21087,128
71496A,127
84876D,127
84917,127
15056n,127
84457,127
84251C,127
21678,125
21002,125
18094C,125
84952C,125
35004G,125
21826,124
21457,124
20766,124
21633,124
22512,124
20761,123
22786,123
82001s,122
22797,122
85205B,122
90030B,122
84218,121
22526,121
21377,121
23180,121
23021,121
21735,120
37501,119
85129B,119
35911B,119
21664,119
21943,119
23142,119
23104,118
22168,117
46000U,117
21647,117
46776C,117
84877B,117
23580,117
84637,116
47570B,116
85086A,116
21293,116
21736,116
21117,115
84531A,115
72051S,115
84661B,115
84192,115
90125A,115
23479,114
85049g,113
23457,113
47367B,112
23574,112
23496,112
84800S,111
85141,111
21317,111
23537,111
84823,110
84744,110
37479B,110
85049e,109
20902,109
85106,109
20748,109
17090A,109
20758,108
84231,108
21196,108
84030e,108
20826,107
21781,107
90087,107
22882,107
21710,107
21131,106
20762,106
84997a,106
85179C,106
84678,106
16259,105
72134,105
21711,104
72801G,104
20765,104
21320,104
84509a,104
84661A,104
85160B,104
23044,104
23702,104
46000R,103
71495A,103
20771,103
47559b,103
90200E,103
23460,103
85125,102
22881,102
90086,102
21614,102
22987,102
21369,101
84347,100
20760,100
20936,99
22883,99
47594A,99
22880,99
21359,99
22884,99
84968E,99
21032,98
23045,98
71279,97
47348A,97
21722,97
84857C,97
72709,96
21279,96
21250,95
20897,95
22407,95
90125D,95
22885,95
84313B,95
84925F,95
22869,95
84707A,95
79403,95
90214S,94
72799F,94
21226,94
22353,94
22870,94
21850,94
84766,94
90214L,94
81950B,94
21427,93
20617,93
23042,93
84952A,92
90200B,92
85118,92
21820,92
84497,92
84673A,92
85135C,92
23477,92
90214C,91
21082,91
18098C,91
21750,91
84509E,91
84584,91
20794,90
22770,90
23069,90
90210C,89
46776D,89
21366,89
16046,89
62086A,88
22802,88
23149,88
20731,87
15056bl,87
35607B,87
22886,87
85124B,87
84563B,87
21425,87
84920,87
84595E,87
21946,86
85124C,86
21190,86
21361,85
85020,85
22272,85
90119,84
84686,83
90161C,83
85163B,83
23137,83
84563A,82
22137,82
23305,82
20699,81
84924A,81
72799C,81
23043,81
23019,81
84746,81
85129C,80
22503,80
20769,80
85026B,79
21157,79
90210D,79
90201B,79
85198,79
21307,79
23141,79
90214K,78
22887,78
21003,78
84360,78
90200A,78
90209A,78
35816P,78
90030C,77
16020C,77
71403,77
21911,77
90125C,77
90201D,77
84687,77
84592,76
90161B,76
21847,76
22833,76
22888,76
23492,76
21372,75
17109D,75
72801D,75
72801d,75
84559B,75
90198A,75
23428,75
35916C,74
21001,74
21418,74
85103,74
22878,74
20763,73
20653,73
85027L,73
82613A,73
21629,73
90170,73
20657,73
72800D,73
90214E,72
22872,72
17001,72
90030A,72
72024U,72
22825,71
90214J,71
37475,71
20775,71
84661C,71
23016,71
23304,71
23487,71
40046A,70
21324,70
35916B,70
84665,70
37343,70
21662,70
22879,70
22275,69
21038,69
20774,69
21459,68
90214D,68
35920,68
21128,68
17012E,68
21630,68
35921,67
46776E,67
21547,67
20835,67
22871,67
20856,66
85163A,66
84741C,66
21357,66
35916A,66
90214Y,66
20823,66
23017,66
23471,66
21280,65
90201A,65
22874,65
22486,65
23303,65
90116,64
90161D,64
22868,64
85017C,64
20819,64
22875,63
16207A,63
85197,63
20980,63
17011F,63
84507C,63
82095,63
35241,63
23057,63
21690,62
20796,62
85019C,62
21628,62
22877,62
84609,62
23151,62
37487B,62
84402B,62
22145,61
84796A,61
37423,61
85232A,61
22876,61
37444A,61
85045,60
90214G,60
90108,60
90214M,60
22873,60
20867,60
23578,60
21100,59
84507B,59
84658,59
21278,59
85049B,59
84247K,59
20997,59
23472,59
75172,58
20941,58
23047,58
90129B,57
90201C,57
35951,57
84708B,57
90154,57
21720,57
35638B,57
21000,56
21333,56
84750B,56
84875D,56
85135B,55
84688,55
84429A,55
85216,55
84927E,55
21632,55
35001W,55
90134,54
90160C,54
21420,54
90115,54
22824,54
22826,54
20696,54
22803,54
85130A,54
21904,54
20782,54
23466,54
21031,53
84576,53
84510a,53
22194,53
85146,53
72811,53
16043,53
90149,53
90093,52
20847,52
84600,52
18098c,52
84527,52
71510,52
44242B,52
21784,51
90120C,51
46775D,51
82011C,51
85168B,51
23018,51
21270,50
21129,50
90031,50
23692,50
84569B,49
20903,49
84846A,49
85114a,49
35972,48
21814,48
20780,48
90214H,48
47593A,48
21413,48
84685,47
85028S,47
90208,47
DCGSSGIRL,47
85145,47
DCGSSBOY,47
16151A,47
23429,47
90206C,46
84870C,46
85099f,46
84857B,46
35597D,46
23458,46
84466,45
90158,45
85055,45
90018A,45
90129A,45
21738,45
72133,45
84927D,45
84760S,45
47341B,45
21132,44
90013A,44
20661,44
90071,44
47013C,44
23038,44
84509c,43
82011B,43
20795,43
20773,43
84870B,43
21375,43
90062,43
90010A,43
23626,43
90129E,42
21269,42
84927A,42
84989a,42
23442,42
90210B,41
22184,41
20664,41
90214R,41
21758,41
21054,41
21476,41
84919,41
84723,41
90214N,41
84906,41
84510c,40
90129F,40
84974,40
90192,40
37489D,40
44236,40
85039a,40
85084,40
23611,40
90130B,39
90214P,39
90013C,39
gift_0001_10,39
20934,39
22655,39
90059A,39
72801c,39
90120B,39
84884a,38
90160D,38
47351B,38
84549,38
84882,38
84874B,38
90214I,38
90019A,38
35638A,38
21376,37
84985A,37
20798,37
gift_0001_30,37
35913B,37
20781,37
90214B,37
90198B,36
82615,36
20684,36
37462E,36
90013B,36
84508C,36
85114b,36
44228,36
21686,36
23430,36
90197B,35
90129C,35
37489A,35
84461,35
21360,35
90185D,35
47369B,35
16254,35
21910,35
78033,35
23410,35
22761,34
84707B,34
21816,34
90085,34
90210A,34
84510E,34
90183A,34
85006,34
72812,34
23015,34
20894,33
90184B,33
84358,33
71050,33
15056p,33
90101,33
47369A,33
84725,33
84638,32
84993a,32
84745B,32
84539,32
21393,32
85040a,32
90089,32
84745A,32
85023B,32
84859B,32
23467,32
90143,31
90160A,31
37489B,31
90104,31
21627,31
20662,31
90205A,31
90082A,30
84905,30
90125B,30
90082B,30
90147,30
90160B,30
46138B,30
72369A,30
72140E,30
21657,30
84712B,30
35637C,30
84388,30
23143,30
23459,30
21364,29
90205C,29
90103,29
20960,29
84559a,29
16207B,29
46126A,29
17164B,29
23465,29
47344B,28
84508B,28
84597C,28
84989A,28
22827,28
85135A,28
21460,28
90003C,28
37476,28
90145,28
72132,28
23462,28
90175A,27
37488A,27
35607A,27
37444C,27
21488,27
21336,27
90214F,27
84872A,27
90073,27
21473,27
20878,27
75013B,27
84016,27
22765,26
35833P,26
90214V,26
90162B,26
84709B,26
84872a,26
84907,26
17165D,26
90174,26
90003D,26
23614,26
90204,25
85167B,25
84711A,25
85232B,25
20666,25
79336,25
85014b,25
35645,25
90010E,25
90185A,25
20663,25
16161M,25
16169N,25
90083,25
23448,25
90164B,24
79026B,24
84270,24
90214T,24
90118,24
35958,24
84847,24
44089C,24
90122C,24
90161A,24
22823,24
37333,24
21277,24
84206A,24
23629,24
84559b,23
79331,23
84670,23
37489C,23
90098,23
90175D,23
16010,23
79191D,23
84033,23
90186B,22
90214Z,22
44092C,22
84247N,22
90002D,22
90018B,22
79067,22
84597B,22
90016B,22
20898,22
84865,22
90122A,22
62043B,22
84387A,22
35966,22
84732B,22
23441,22
90000D,21
90039D,21
90032,21
47586A,21
90166,21
81953P,21
90200C,21
90184C,21
90183B,21
20848,21
20697,21
90072,21
90022,20
gift_0001_20,20
90190C,20
90081C,20
84711B,20
17007B,20
90177C,20
90167,20
35910A,20
20933,20
84898F,20
47341A,20
81950V,20
16202B,20
20667,20
20827,20
23603,20
90003E,19
85028L,19
84877A,19
90059E,19
84666,19
90165B,19
20845,19
90059D,19
90133,19
21655,19
90177D,19
17090D,19
84984A,19
23468,19
90019B,18
79149B,18
85014a,18
90199C,18
82011A,18
72802A,18
46000P,18
90144,18
90040B,18
22656,18
84660c,18
85092,18
62096A,18
20901,18
23464,18
90070,17
35265,17
79066k,17
20698,17
10124G,17
90005A,17
90146,17
90016A,17
84226,17
84796a,17
84984B,17
37471,17
84629,17
35598A,17
90202D,16
90014B,16
84795b,16
35809B,16
84596f,16
22929,16
85031A,16
90190A,16
79071B,16
90165A,16
82605,16
85136C,16
90194,16
90028,16
10124A,16
62074B,16
90202A,16
21370,16
90214W,16
90214O,16
84706F,16
72783,16
20818,15
90014A,15
90038A,15
90042C,15
90123A,15
48173c,15
90040C,15
85161,15
84086B,15
16248B,15
90081A,15
90059F,15
72351a,15
90181B,15
44089A,15
85185D,15
23632,15
90094,14
84536a,14
22125,14
84803B,14
90036E,14
84842,14
90162C,14
90040A,14
90129D,14
85206B,14
85089,14
44092B,14
20821,14
47589,14
90067A,14
35649,14
90202C,14
20670,14
16202E,14
90177B,14
85096,14
90185B,14
90123C,14
90130C,14
90169,13
71496B,13
90019C,13
35910B,13
84575A,13
90184A,13
35647,13
90190B,13
90023,13
90038B,13
84715,13
90000A,13
84984D,13
84551,13
84201B,13
23463,13
21331,12
90164A,12
90168,12
90063A,12
21344,12
20759,12
20785,12
47590b,12
40005B,12
90141A,12
90206A,12
47013A,12
85109,12
85018D,12
90211A,12
90036D,12
90124B,12
90011B,12
90187B,12
90163A,12
21281,12
90186A,12
84462,12
44242A,12
84705C,12
90214U,12
23449,12
84675,11
48189,11
85024C,11
90064B,11
90000B,11
90003B,11
71215,11
20778,11
84798A,11
90125E,11
90039B,11
90202B,11
90124C,11
79151B,11
84616,11
21688,11
90199A,11
84732D,11
90018C,11
23613,11
23637,11
90162D,10
22828,10
90064A,10
90138,10
90212B,10
90059B,10
90037B,10
90185C,10
90079,10
20851,10
90175B,10
37351,10
90051,10
90157,10
90141C,10
79329,10
84910A,10
90188,10
90033,10
84596e,10
90142D,10
46115B,10
90102,10
84924F,10
23620,10
90183C,9
90199B,9
72821,9
90123B,9
84922,9
90054,9
90059C,9
90027D,9
90038C,9
90175C,9
21461,9
90155,9
90141B,9
35809a,9
90063B,9
90065A,9
17174,9
85132b,9
90036C,9
23645,9
23636,9
23625,9
23640,9
90177A,8
90135,8
85132a,8
90099,8
90178A,8
78034B,8
90196A,8
35443,8
35909B,8
84968e,8
90151,8
21761,8
84306,8
84689,8
90177E,8
72807a,8
90012B,8
90039A,8
85188B,8
90076,8
90036F,8
90182C,8
35909A,8
90124A,8
84206C,8
37491C,8
90182A,8
23646,8
23607,8
23601,8
23623,8
23616,8
90163B,7
16202A,7
90148,7
90211B,7
84596b,7
20910,7
90181A,7
16206B,7
22764,7
90120A,7
90001D,7
90212C,7
72802a,7
84873A,7
46776f,7
23627,7
90027A,6
37330,6
90039C,6
90050,6
90179A,6
84631,6
85030,6
90013D,6
21757,6
85231g,6
17028J,6
21769,6
90123D,6
37491A,6
90179C,6
21661,6
90060F,6
90024B,6
90199D,6
90122B,6
90011A,6
84773,6
35271S,6
84679,6
90176D,6
85225,6
90036A,6
90130A,6
90159,6
47593b,6
20935,6
23621,6
90162A,6
90180B,5
90029,5
84536b,5
90041,5
90037C,5
90055,5
84632,5
84509b,5
37461,5
84968a,5
22206,5
90024F,5
90027C,5
90001C,5
84795C,5
90182B,5
20695,5
44091A,5
84558a,5
90196B,5
90152A,5
84921,5
90001A,5
21392,5
47518f,5
82613c,5
90131,5
37509,5
72798C,5
77079,5
90001B,5
81953B,5
72807c,5
90049,5
90141E,5
23644,5
23654,5
84201C,5
46776a,5
35598C,5
23612,5
23634,5
79157V,5
84206B,5
gift_0001_50,4
84977,4
21186,4
90141D,4
72807b,4
90074,4
90053,4
84963A,4
84465,4
47591B,4
90056,4
90112,4
90024C,4
82613b,4
90195B,4
84975,4
84802A,4
90176B,4
90026C,4
37491D,4
90075,4
90173,4
90156,4
84993B,4
90025F,4
20964,4
PADS,4
90043,4
84660a,4
90036B,4
37491B,4
79161A,4
35592T,4
23608,4
23619,4
23639,4
90176E,4
23624,4
20678,4
23604,4
79157B,4
23615,4
23605,4
23650,4
17191A,4
90026D,3
90176C,3
84706D,3
gift_0001_40,3
90026B,3
45013,3
47503J,3
DCGS0076,3
84968d,3
84596g,3
90136,3
85189,3
21538,3
90025D,3
84803A,3
90011E,3
90077,3
90042A,3
90011D,3
85231b,3
85018C,3
90130D,3
22218,3
90132,3
85132c,3
90060D,3
21595,3
84925D,3
84617,3
90027B,3
90016C,3
90137,3
90128A,3
84804B,3
90046,3
84963B,3
90048,3
62097B,3
85034a,3
85115B,3
23610,3
B,3
15060b,3
23633,3
23635,3
90179B,3
85170A,2
20861,2
90128D,2
62095B,2
21268,2
90128C,2
84854,2
90034,2
20820,2
90176A,2
90024E,2
85035a,2
84660b,2
20871,2
90128B,2
85049d,2
85049b,2
90152B,2
85031C,2
35004P,2
37444B,2
90084,2
90140,2
72814,2
84620,2
90078,2
84534b,2
22323,2
35400,2
21777,2
21491,2
47570b,2
21009,2
84824,2
90035C,2
90026A,2
85036a,2
90025A,2
90127A,2
84509g,2
84731,2
90024D,2
90067B,2
90011C,2
90126C,2
16244B,2
85184c,2
23638,2
90065B,2
47016,2
90189A,2
90052,2
90069,2
84971L,2
23652,2
23617,2
84971l,2
23649,2
72803B,1
m,1
85044,1
85031B,1
84968f,1
90142A,1
20849,1
72803b,1
85035c,1
85160a,1
90187A,1
90152C,1
90126A,1
85035b,1
35591T,1
90178B,1
90037A,1
84562A,1
35597B,1
85036b,1
90060B,1
21134,1
20950,1
21594,1
84247C,1
90068,1
21667,1
90092,1
90042B,1
85226A,1
90025E,1
90025B,1
84510e,1
DCGS0004,1
90081B,1
90021,1
84596l,1
22016,1
84415A,1
82613a,1
84661a,1
90135A,1
90181C,1
21310,1
84661b,1
46776b,1
84031b,1
84031a,1
23630,1
46776e,1
23628,1
90184c,1
23643,1
35600A,1
51014c,1
90020,1
90183c,1
23602,1
85049c,1
84550,1
72802c,1
23609,1
85179a,1
47591b,1
85034b,1
23664,1
84881,0
84800M,0
85119,0
21011,0
47579,0
21763,0
84227,0
22528,0
84593,0
20954,0
21681,0
44265,0
85047,0
23595,0
23843,0
79320,-1
22143,-1
90091,-1
84415B,-1
20864,-1
84964B,-1
90095,-1
85110,-1
35991,-1
90000C,-1
84509F,-1
21805,-1
84249A,-1
35832,-1
DCGS0074,-1
20957,-1
DCGS0055,-1
35644,-1
84526,-1
85065,-1
84424A,-1
37503,-1
DCGS0072,-1
85023C,-1
84967B,-1
85179B,-1
84664,-1
21282,-1
84839,-1
21228,-2
85136B,-2
72789,-2
85067,-2
85195,-2
84251F,-2
85018B,-2
85126,-2
84840,-2
20793,-2
84967A,-2
35922,-2
22164,-2
21765,-2
21432,-2
84864A,-2
DCGS0071,-2
84797B,-2
21854,-2
85063,-3
21410,-3
21040,-3
84499,-3
35969,-3
22146,-3
72793,-3
37379A,-3
DCGS0003,-3
90014C,-3
20850,-3
84007,-3
85008,-3
21274,-3
21895,-3
85042,-3
78027,-3
DCGS0066P,-3
20816,-3
21806,-3
85224,-4
85017A,-4
90035A,-4
DCGS0069,-4
16162L,-4
72815,-4
84856S,-4
82545A,-4
90100,-4
21330,-4
85060,-4
DCGS0073,-4
35594,-4
72800F,-5
84845D,-5
20689,-5
85136A,-5
22769,-5
20701,-5
21120,-5
85068,-5
84899F,-5
90037D,-5
84857A,-5
21923,-5
46037A,-5
20896,-5
84482,-5
20825,-5
21653,-6
79192A,-6
21332,-6
21160,-6
DCGS0057,-6
85098B,-6
20703,-6
20860,-6
84751B,-6
85226C,-6
47591A,-6
37424,-6
20863,-6
DCGS0070,-7
20756,-7
84559D,-7
79172D,-7
90012A,-7
90120D,-8
21474,-8
35824B,-8
62096B,-8
90082D,-9
37477D,-9
35015,-9
90096,-9
21511,-9
21416,-9
47574B,-9
84522,-10
47563B,-10
DCGS0068,-10
84966B,-11
21836,-11
37477B,-11
84761,-11
DCGS0067,-11
22415,-12
20671,-12
35603B,-12
21412,-12
35823P,-12
21858,-12
37464,-13
84750A,-13
10123C,-13
37474,-13
35597A,-13
BANK CHARGES,-13
84726,-14
84816,-14
21589,-14
21610,-14
21825,-14
21283,-15
85160A,-15
90180A,-15
CRUK,-16
84968B,-17
84966A,-17
21472,-17
20681,-17
20857,-17
84875A,-17
18097A,-18
20906,-18
84876C,-19
10134,-19
20893,-19
47502,-19
84990,-20
21431,-21
21337,-21
84352,-22
84801B,-22
40018F,-22
35650,-23
21349,-24
21275,-24
21161,-24
84534B,-24
21414,-24
21645,-25
84856L,-25
16169P,-25
35817P,-26
90195A,-26
16162M,-26
35611B,-27
84251J,-28
72781,-30
AMAZONFEE,-30
20892,-30
21637,-30
84455,-31
37477C,-31
90191,-34
21839,-35
20738,-36
84569C,-36
21827,-36
84548,-36
10123G,-38
37479P,-39
90010B,-39
21018,-39
77081,-39
35833G,-41
21486,-41
84743C,-41
35818B,-44
84546,-45
22036,-45
20700,-48
22202,-49
35609A,-50
84804A,-55
84805B,-58
S,-59
21692,-59
17011A,-61
84805A,-64
79030D,-65
20694,-67
84859C,-69
21144,-70
84809A,-73
62094B,-73
21696,-102
84798B,-102
16053,-102
84801A,-104
84877D,-106
84802B,-121
21351,-123
21815,-141
84611B,-143
85104,-157
84612B,-162
84613C,-172
23055,-172
84799,-182
84613A,-224
21689,-228
22034,-236
84809B,-306
35957,-312
47566B,-342
22127,-346
84614A,-388
72807A,-398
72807C,-398
22617,-419
21622,-427
35610B,-517
72759,-524
72807B,-527
21620,-596
23269,-654
79323G,-657
79323S,-674
85172,-755
79341,-905
85036B,-944
72038P,-990
85036C,-999
35610C,-1096
79342B,-1128
79323GR,-1158
D,-1194
23113,-1232
35610A,-1267
23115,-1285
23114,-1294
84598,-1313
23117,-1348
23116,-1362
22351,-1387
23270,-1607
22618,-1632
79323B,-1671
79323P,-2007
23059,-2376
72732,-2472
79323LP,-2618
79323W,-4838
72140F,-5368
23003,-8516
23005,-14418
